controller,scenario,metric,higher_is_better,value,value_std,n,run_id
FLC,actuator_saturation_challenge,abs_err_p50,False,407.31709294536495,0.0,3,multi_seed
FLC,actuator_saturation_challenge,abs_err_p90,False,1114.5799681480353,0.0,3,multi_seed
FLC,actuator_saturation_challenge,abs_err_p95,False,1204.91304924079,0.0,3,multi_seed
FLC,actuator_saturation_challenge,arrhenius_exposure,False,3.98423614716816e-14,0.0,3,multi_seed
FLC,actuator_saturation_challenge,bandwidth_proxy_hz,True,,,0,multi_seed
FLC,actuator_saturation_challenge,coherence_lowmid,True,,,0,multi_seed
FLC,actuator_saturation_challenge,cvar_abs_err,False,1293.1676187857931,0.0,3,multi_seed
FLC,actuator_saturation_challenge,effort_l1,False,0.1452907139497929,0.0,3,multi_seed
FLC,actuator_saturation_challenge,effort_l2,False,0.0932300111596755,0.0,3,multi_seed
FLC,actuator_saturation_challenge,glfi,True,0.8347695580977373,0.0,3,multi_seed
FLC,actuator_saturation_challenge,iae_abs_err,False,177.5193734035221,0.0,3,multi_seed
FLC,actuator_saturation_challenge,itae_abs_err,False,44.92710733056985,0.0,3,multi_seed
FLC,actuator_saturation_challenge,jerk_l2,False,3.3537661184850287,0.0,3,multi_seed
FLC,actuator_saturation_challenge,log_decrement,False,,,0,multi_seed
FLC,actuator_saturation_challenge,max_delta_temp_over_limit_C,False,0.0,0.0,3,multi_seed
FLC,actuator_saturation_challenge,max_freq_deviation_hz,False,1.0559196472167969,0.0,3,multi_seed
FLC,actuator_saturation_challenge,max_rocof_hz_s,False,7.66868591308593,0.0,3,multi_seed
FLC,actuator_saturation_challenge,overshoot_pct,False,0.0,0.0,3,multi_seed
FLC,actuator_saturation_challenge,reversal_count,False,0.0,0.0,3,multi_seed
FLC,actuator_saturation_challenge,rmse_error,False,659.2769623974615,0.0,3,multi_seed
FLC,actuator_saturation_challenge,safety_margin_min,True,-0.0559196472167968,0.0,3,multi_seed
FLC,actuator_saturation_challenge,saturation_events,False,0.0,0.0,3,multi_seed
FLC,actuator_saturation_challenge,settling_time_s,False,,,0,multi_seed
FLC,actuator_saturation_challenge,spectral_error_power,False,0.0,0.0,3,multi_seed
FLC,actuator_saturation_challenge,stability_flag,True,1.0,0.0,3,multi_seed
FLC,actuator_saturation_challenge,time_above_temp_limit_s,False,0.0,0.0,3,multi_seed
FLC,actuator_saturation_challenge,time_in_saturation_s,False,0.0,0.0,3,multi_seed
FLC,actuator_saturation_challenge,time_out_of_band_s,False,0.02,0.0,3,multi_seed
FLC,actuator_saturation_challenge,total_time_unsafe_s,False,0.02,0.0,3,multi_seed
FLC,actuator_saturation_challenge,worst_tail_abs_err,False,1293.1676187857931,0.0,3,multi_seed
FLC,baseline_steady_state,abs_err_p50,False,321.1324150181945,0.0,3,multi_seed
FLC,baseline_steady_state,abs_err_p90,False,1103.6638607993702,0.0,3,multi_seed
FLC,baseline_steady_state,abs_err_p95,False,1206.1786341205566,0.0,3,multi_seed
FLC,baseline_steady_state,arrhenius_exposure,False,4.643285087011578e-14,0.0,3,multi_seed
FLC,baseline_steady_state,bandwidth_proxy_hz,True,,,0,multi_seed
FLC,baseline_steady_state,coherence_lowmid,True,,,0,multi_seed
FLC,baseline_steady_state,cvar_abs_err,False,1305.497610710838,0.0,3,multi_seed
FLC,baseline_steady_state,effort_l1,False,0.1868233002789005,0.0,3,multi_seed
FLC,baseline_steady_state,effort_l2,False,0.1292327032817001,0.0,3,multi_seed
FLC,baseline_steady_state,glfi,True,0.8475489292683385,0.0,3,multi_seed
FLC,baseline_steady_state,iae_abs_err,False,183.5205989467739,0.0,3,multi_seed
FLC,baseline_steady_state,itae_abs_err,False,57.354813490869226,0.0,3,multi_seed
FLC,baseline_steady_state,jerk_l2,False,3.5578245289440225,0.0,3,multi_seed
FLC,baseline_steady_state,log_decrement,False,,,0,multi_seed
FLC,baseline_steady_state,max_delta_temp_over_limit_C,False,0.0,0.0,3,multi_seed
FLC,baseline_steady_state,max_freq_deviation_hz,False,1.0438995361328125,0.0,3,multi_seed
FLC,baseline_steady_state,max_rocof_hz_s,False,7.744026184082024,0.0,3,multi_seed
FLC,baseline_steady_state,overshoot_pct,False,1.9876298034497992,0.0,3,multi_seed
FLC,baseline_steady_state,reversal_count,False,0.0,0.0,3,multi_seed
FLC,baseline_steady_state,rmse_error,False,626.8418259748704,0.0,3,multi_seed
FLC,baseline_steady_state,safety_margin_min,True,-0.0438995361328125,0.0,3,multi_seed
FLC,baseline_steady_state,saturation_events,False,0.0,0.0,3,multi_seed
FLC,baseline_steady_state,settling_time_s,False,,,0,multi_seed
FLC,baseline_steady_state,spectral_error_power,False,0.0,0.0,3,multi_seed
FLC,baseline_steady_state,stability_flag,True,1.0,0.0,3,multi_seed
FLC,baseline_steady_state,time_above_temp_limit_s,False,0.0,0.0,3,multi_seed
FLC,baseline_steady_state,time_in_saturation_s,False,0.0,0.0,3,multi_seed
FLC,baseline_steady_state,time_out_of_band_s,False,0.02,0.0,3,multi_seed
FLC,baseline_steady_state,total_time_unsafe_s,False,0.02,0.0,3,multi_seed
FLC,baseline_steady_state,worst_tail_abs_err,False,1305.497610710838,0.0,3,multi_seed
FLC,cascading_grid_fault_and_recovery,abs_err_p50,False,321.1324150181945,0.0,3,multi_seed
FLC,cascading_grid_fault_and_recovery,abs_err_p90,False,1103.6638607993702,0.0,3,multi_seed
FLC,cascading_grid_fault_and_recovery,abs_err_p95,False,1206.1786341205566,0.0,3,multi_seed
FLC,cascading_grid_fault_and_recovery,arrhenius_exposure,False,4.643285087011578e-14,0.0,3,multi_seed
FLC,cascading_grid_fault_and_recovery,bandwidth_proxy_hz,True,,,0,multi_seed
FLC,cascading_grid_fault_and_recovery,coherence_lowmid,True,,,0,multi_seed
FLC,cascading_grid_fault_and_recovery,cvar_abs_err,False,1305.497610710838,0.0,3,multi_seed
FLC,cascading_grid_fault_and_recovery,effort_l1,False,0.1868233002789005,0.0,3,multi_seed
FLC,cascading_grid_fault_and_recovery,effort_l2,False,0.1292327032817001,0.0,3,multi_seed
FLC,cascading_grid_fault_and_recovery,glfi,True,0.8475489292683385,0.0,3,multi_seed
FLC,cascading_grid_fault_and_recovery,iae_abs_err,False,183.5205989467739,0.0,3,multi_seed
FLC,cascading_grid_fault_and_recovery,itae_abs_err,False,57.354813490869226,0.0,3,multi_seed
FLC,cascading_grid_fault_and_recovery,jerk_l2,False,3.5578245289440225,0.0,3,multi_seed
FLC,cascading_grid_fault_and_recovery,log_decrement,False,,,0,multi_seed
FLC,cascading_grid_fault_and_recovery,max_delta_temp_over_limit_C,False,0.0,0.0,3,multi_seed
FLC,cascading_grid_fault_and_recovery,max_freq_deviation_hz,False,1.0438995361328125,0.0,3,multi_seed
FLC,cascading_grid_fault_and_recovery,max_rocof_hz_s,False,7.744026184082024,0.0,3,multi_seed
FLC,cascading_grid_fault_and_recovery,overshoot_pct,False,1.9876298034497992,0.0,3,multi_seed
FLC,cascading_grid_fault_and_recovery,reversal_count,False,0.0,0.0,3,multi_seed
FLC,cascading_grid_fault_and_recovery,rmse_error,False,626.8418259748704,0.0,3,multi_seed
FLC,cascading_grid_fault_and_recovery,safety_margin_min,True,-0.0438995361328125,0.0,3,multi_seed
FLC,cascading_grid_fault_and_recovery,saturation_events,False,0.0,0.0,3,multi_seed
FLC,cascading_grid_fault_and_recovery,settling_time_s,False,,,0,multi_seed
FLC,cascading_grid_fault_and_recovery,spectral_error_power,False,0.0,0.0,3,multi_seed
FLC,cascading_grid_fault_and_recovery,stability_flag,True,1.0,0.0,3,multi_seed
FLC,cascading_grid_fault_and_recovery,time_above_temp_limit_s,False,0.0,0.0,3,multi_seed
FLC,cascading_grid_fault_and_recovery,time_in_saturation_s,False,0.0,0.0,3,multi_seed
FLC,cascading_grid_fault_and_recovery,time_out_of_band_s,False,0.02,0.0,3,multi_seed
FLC,cascading_grid_fault_and_recovery,total_time_unsafe_s,False,0.02,0.0,3,multi_seed
FLC,cascading_grid_fault_and_recovery,worst_tail_abs_err,False,1305.497610710838,0.0,3,multi_seed
FLC,combined_challenge_final_exam,abs_err_p50,False,321.1324150181945,0.0,3,multi_seed
FLC,combined_challenge_final_exam,abs_err_p90,False,1103.6638607993702,0.0,3,multi_seed
FLC,combined_challenge_final_exam,abs_err_p95,False,1206.1786341205566,0.0,3,multi_seed
FLC,combined_challenge_final_exam,arrhenius_exposure,False,4.643285087011578e-14,0.0,3,multi_seed
FLC,combined_challenge_final_exam,bandwidth_proxy_hz,True,,,0,multi_seed
FLC,combined_challenge_final_exam,coherence_lowmid,True,,,0,multi_seed
FLC,combined_challenge_final_exam,cvar_abs_err,False,1305.497610710838,0.0,3,multi_seed
FLC,combined_challenge_final_exam,effort_l1,False,0.1868233002789005,0.0,3,multi_seed
FLC,combined_challenge_final_exam,effort_l2,False,0.1292327032817001,0.0,3,multi_seed
FLC,combined_challenge_final_exam,glfi,True,0.8475489292683385,0.0,3,multi_seed
FLC,combined_challenge_final_exam,iae_abs_err,False,183.5205989467739,0.0,3,multi_seed
FLC,combined_challenge_final_exam,itae_abs_err,False,57.354813490869226,0.0,3,multi_seed
FLC,combined_challenge_final_exam,jerk_l2,False,3.5578245289440225,0.0,3,multi_seed
FLC,combined_challenge_final_exam,log_decrement,False,,,0,multi_seed
FLC,combined_challenge_final_exam,max_delta_temp_over_limit_C,False,0.0,0.0,3,multi_seed
FLC,combined_challenge_final_exam,max_freq_deviation_hz,False,1.0438995361328125,0.0,3,multi_seed
FLC,combined_challenge_final_exam,max_rocof_hz_s,False,7.744026184082024,0.0,3,multi_seed
FLC,combined_challenge_final_exam,overshoot_pct,False,1.9876298034497992,0.0,3,multi_seed
FLC,combined_challenge_final_exam,reversal_count,False,0.0,0.0,3,multi_seed
FLC,combined_challenge_final_exam,rmse_error,False,626.8418259748704,0.0,3,multi_seed
FLC,combined_challenge_final_exam,safety_margin_min,True,-0.0438995361328125,0.0,3,multi_seed
FLC,combined_challenge_final_exam,saturation_events,False,0.0,0.0,3,multi_seed
FLC,combined_challenge_final_exam,settling_time_s,False,,,0,multi_seed
FLC,combined_challenge_final_exam,spectral_error_power,False,0.0,0.0,3,multi_seed
FLC,combined_challenge_final_exam,stability_flag,True,1.0,0.0,3,multi_seed
FLC,combined_challenge_final_exam,time_above_temp_limit_s,False,0.0,0.0,3,multi_seed
FLC,combined_challenge_final_exam,time_in_saturation_s,False,0.0,0.0,3,multi_seed
FLC,combined_challenge_final_exam,time_out_of_band_s,False,0.02,0.0,3,multi_seed
FLC,combined_challenge_final_exam,total_time_unsafe_s,False,0.02,0.0,3,multi_seed
FLC,combined_challenge_final_exam,worst_tail_abs_err,False,1305.497610710838,0.0,3,multi_seed
FLC,deceptive_sensor_noise,abs_err_p50,False,368.761241243943,0.0,3,multi_seed
FLC,deceptive_sensor_noise,abs_err_p90,False,1194.174336016708,0.0,3,multi_seed
FLC,deceptive_sensor_noise,abs_err_p95,False,1321.2631820008344,0.0,3,multi_seed
FLC,deceptive_sensor_noise,arrhenius_exposure,False,6.493827832219637e-14,0.0,3,multi_seed
FLC,deceptive_sensor_noise,bandwidth_proxy_hz,True,,,0,multi_seed
FLC,deceptive_sensor_noise,coherence_lowmid,True,,,0,multi_seed
FLC,deceptive_sensor_noise,cvar_abs_err,False,1400.2826107709232,0.0,3,multi_seed
FLC,deceptive_sensor_noise,effort_l1,False,0.3208845870178344,0.0,3,multi_seed
FLC,deceptive_sensor_noise,effort_l2,False,0.278343721992757,0.0,3,multi_seed
FLC,deceptive_sensor_noise,glfi,True,0.8068386385107206,0.0,3,multi_seed
FLC,deceptive_sensor_noise,iae_abs_err,False,303.4597826428028,0.0,3,multi_seed
FLC,deceptive_sensor_noise,itae_abs_err,False,121.4430586071016,0.0,3,multi_seed
FLC,deceptive_sensor_noise,jerk_l2,False,5.513621889132659,0.0,3,multi_seed
FLC,deceptive_sensor_noise,log_decrement,False,,,0,multi_seed
FLC,deceptive_sensor_noise,max_delta_temp_over_limit_C,False,0.0,0.0,3,multi_seed
FLC,deceptive_sensor_noise,max_freq_deviation_hz,False,1.0008888244628906,0.0,3,multi_seed
FLC,deceptive_sensor_noise,max_rocof_hz_s,False,8.586692810058635,0.0,3,multi_seed
FLC,deceptive_sensor_noise,overshoot_pct,False,14.050482974534312,0.0,3,multi_seed
FLC,deceptive_sensor_noise,reversal_count,False,0.0,0.0,3,multi_seed
FLC,deceptive_sensor_noise,rmse_error,False,664.323920470011,0.0,3,multi_seed
FLC,deceptive_sensor_noise,safety_margin_min,True,-0.0008888244628906,0.0,3,multi_seed
FLC,deceptive_sensor_noise,saturation_events,False,0.0,0.0,3,multi_seed
FLC,deceptive_sensor_noise,settling_time_s,False,,,0,multi_seed
FLC,deceptive_sensor_noise,spectral_error_power,False,0.0,0.0,3,multi_seed
FLC,deceptive_sensor_noise,stability_flag,True,1.0,0.0,3,multi_seed
FLC,deceptive_sensor_noise,time_above_temp_limit_s,False,0.0,0.0,3,multi_seed
FLC,deceptive_sensor_noise,time_in_saturation_s,False,0.0,0.0,3,multi_seed
FLC,deceptive_sensor_noise,time_out_of_band_s,False,0.0199999999999999,0.0,3,multi_seed
FLC,deceptive_sensor_noise,total_time_unsafe_s,False,0.0199999999999999,0.0,3,multi_seed
FLC,deceptive_sensor_noise,worst_tail_abs_err,False,1400.2826107709232,0.0,3,multi_seed
FLC,gradual_load_increase_10pct,abs_err_p50,False,368.761241243943,0.0,3,multi_seed
FLC,gradual_load_increase_10pct,abs_err_p90,False,1194.174336016708,0.0,3,multi_seed
FLC,gradual_load_increase_10pct,abs_err_p95,False,1321.2631820008344,0.0,3,multi_seed
FLC,gradual_load_increase_10pct,arrhenius_exposure,False,6.493827832219637e-14,0.0,3,multi_seed
FLC,gradual_load_increase_10pct,bandwidth_proxy_hz,True,,,0,multi_seed
FLC,gradual_load_increase_10pct,coherence_lowmid,True,,,0,multi_seed
FLC,gradual_load_increase_10pct,cvar_abs_err,False,1400.2826107709232,0.0,3,multi_seed
FLC,gradual_load_increase_10pct,effort_l1,False,0.3208845870178344,0.0,3,multi_seed
FLC,gradual_load_increase_10pct,effort_l2,False,0.278343721992757,0.0,3,multi_seed
FLC,gradual_load_increase_10pct,glfi,True,0.8068386385107206,0.0,3,multi_seed
FLC,gradual_load_increase_10pct,iae_abs_err,False,303.4597826428028,0.0,3,multi_seed
FLC,gradual_load_increase_10pct,itae_abs_err,False,121.4430586071016,0.0,3,multi_seed
FLC,gradual_load_increase_10pct,jerk_l2,False,5.513621889132659,0.0,3,multi_seed
FLC,gradual_load_increase_10pct,log_decrement,False,,,0,multi_seed
FLC,gradual_load_increase_10pct,max_delta_temp_over_limit_C,False,0.0,0.0,3,multi_seed
FLC,gradual_load_increase_10pct,max_freq_deviation_hz,False,1.0008888244628906,0.0,3,multi_seed
FLC,gradual_load_increase_10pct,max_rocof_hz_s,False,8.586692810058635,0.0,3,multi_seed
FLC,gradual_load_increase_10pct,overshoot_pct,False,14.050482974534312,0.0,3,multi_seed
FLC,gradual_load_increase_10pct,reversal_count,False,0.0,0.0,3,multi_seed
FLC,gradual_load_increase_10pct,rmse_error,False,664.323920470011,0.0,3,multi_seed
FLC,gradual_load_increase_10pct,safety_margin_min,True,-0.0008888244628906,0.0,3,multi_seed
FLC,gradual_load_increase_10pct,saturation_events,False,0.0,0.0,3,multi_seed
FLC,gradual_load_increase_10pct,settling_time_s,False,,,0,multi_seed
FLC,gradual_load_increase_10pct,spectral_error_power,False,0.0,0.0,3,multi_seed
FLC,gradual_load_increase_10pct,stability_flag,True,1.0,0.0,3,multi_seed
FLC,gradual_load_increase_10pct,time_above_temp_limit_s,False,0.0,0.0,3,multi_seed
FLC,gradual_load_increase_10pct,time_in_saturation_s,False,0.0,0.0,3,multi_seed
FLC,gradual_load_increase_10pct,time_out_of_band_s,False,0.0199999999999999,0.0,3,multi_seed
FLC,gradual_load_increase_10pct,total_time_unsafe_s,False,0.0199999999999999,0.0,3,multi_seed
FLC,gradual_load_increase_10pct,worst_tail_abs_err,False,1400.2826107709232,0.0,3,multi_seed
FLC,multisine_frequency_probe,abs_err_p50,False,329.47987870907855,0.0,3,multi_seed
FLC,multisine_frequency_probe,abs_err_p90,False,1116.2466860567254,0.0,3,multi_seed
FLC,multisine_frequency_probe,abs_err_p95,False,1218.8343586306387,0.0,3,multi_seed
FLC,multisine_frequency_probe,arrhenius_exposure,False,4.643285087011578e-14,0.0,3,multi_seed
FLC,multisine_frequency_probe,bandwidth_proxy_hz,True,,,0,multi_seed
FLC,multisine_frequency_probe,coherence_lowmid,True,,,0,multi_seed
FLC,multisine_frequency_probe,cvar_abs_err,False,1318.1995909207408,0.0,3,multi_seed
FLC,multisine_frequency_probe,effort_l1,False,0.1883035997199055,0.0,3,multi_seed
FLC,multisine_frequency_probe,effort_l2,False,0.1294571246584597,0.0,3,multi_seed
FLC,multisine_frequency_probe,glfi,True,0.8457604868581535,0.0,3,multi_seed
FLC,multisine_frequency_probe,iae_abs_err,False,186.19749237977464,0.0,3,multi_seed
FLC,multisine_frequency_probe,itae_abs_err,False,58.16378830348676,0.0,3,multi_seed
FLC,multisine_frequency_probe,jerk_l2,False,3.488427059472917,0.0,3,multi_seed
FLC,multisine_frequency_probe,log_decrement,False,,,0,multi_seed
FLC,multisine_frequency_probe,max_delta_temp_over_limit_C,False,0.0,0.0,3,multi_seed
FLC,multisine_frequency_probe,max_freq_deviation_hz,False,1.0626373291015625,0.0,3,multi_seed
FLC,multisine_frequency_probe,max_rocof_hz_s,False,7.818603515624993,0.0,3,multi_seed
FLC,multisine_frequency_probe,overshoot_pct,False,1.4445952388828458,0.0,3,multi_seed
FLC,multisine_frequency_probe,reversal_count,False,0.0,0.0,3,multi_seed
FLC,multisine_frequency_probe,rmse_error,False,635.0183821834972,0.0,3,multi_seed
FLC,multisine_frequency_probe,safety_margin_min,True,-0.0626373291015625,0.0,3,multi_seed
FLC,multisine_frequency_probe,saturation_events,False,0.0,0.0,3,multi_seed
FLC,multisine_frequency_probe,settling_time_s,False,,,0,multi_seed
FLC,multisine_frequency_probe,spectral_error_power,False,0.0,0.0,3,multi_seed
FLC,multisine_frequency_probe,stability_flag,True,1.0,0.0,3,multi_seed
FLC,multisine_frequency_probe,time_above_temp_limit_s,False,0.0,0.0,3,multi_seed
FLC,multisine_frequency_probe,time_in_saturation_s,False,0.0,0.0,3,multi_seed
FLC,multisine_frequency_probe,time_out_of_band_s,False,0.02,0.0,3,multi_seed
FLC,multisine_frequency_probe,total_time_unsafe_s,False,0.02,0.0,3,multi_seed
FLC,multisine_frequency_probe,worst_tail_abs_err,False,1318.1995909207408,0.0,3,multi_seed
FLC,parameter_randomization_drills,abs_err_p50,False,308.2039251283266,23.442783380380508,3,multi_seed
FLC,parameter_randomization_drills,abs_err_p90,False,1068.5188291620927,56.993095592036646,3,multi_seed
FLC,parameter_randomization_drills,abs_err_p95,False,1168.0268651867952,59.34275568803599,3,multi_seed
FLC,parameter_randomization_drills,arrhenius_exposure,False,4.5708010935787126e-14,1.2554595936121313e-15,3,multi_seed
FLC,parameter_randomization_drills,bandwidth_proxy_hz,True,,,0,multi_seed
FLC,parameter_randomization_drills,coherence_lowmid,True,,,0,multi_seed
FLC,parameter_randomization_drills,cvar_abs_err,False,1264.5896218485552,61.114166518734095,3,multi_seed
FLC,parameter_randomization_drills,effort_l1,False,0.1897729334389635,0.0007895197694996,3,multi_seed
FLC,parameter_randomization_drills,effort_l2,False,0.1291572291542069,5.577998015849445e-05,3,multi_seed
FLC,parameter_randomization_drills,glfi,True,0.8525270490029012,0.0084910885755601,3,multi_seed
FLC,parameter_randomization_drills,iae_abs_err,False,174.76585322831056,15.005636650777518,3,multi_seed
FLC,parameter_randomization_drills,itae_abs_err,False,53.83188580898817,6.009689550808767,3,multi_seed
FLC,parameter_randomization_drills,jerk_l2,False,3.340304360514063,0.0864795059561083,3,multi_seed
FLC,parameter_randomization_drills,log_decrement,False,,,0,multi_seed
FLC,parameter_randomization_drills,max_delta_temp_over_limit_C,False,0.0,0.0,3,multi_seed
FLC,parameter_randomization_drills,max_freq_deviation_hz,False,1.0958811442057292,0.06825622950572,3,multi_seed
FLC,parameter_randomization_drills,max_rocof_hz_s,False,8.292007446289055,0.2242356636805233,3,multi_seed
FLC,parameter_randomization_drills,overshoot_pct,False,1.9876298034497992,0.0,3,multi_seed
FLC,parameter_randomization_drills,reversal_count,False,0.0,0.0,3,multi_seed
FLC,parameter_randomization_drills,rmse_error,False,606.866579794109,33.162181698896376,3,multi_seed
FLC,parameter_randomization_drills,safety_margin_min,True,-0.0958811442057291,0.06825622950572,3,multi_seed
FLC,parameter_randomization_drills,saturation_events,False,0.0,0.0,3,multi_seed
FLC,parameter_randomization_drills,settling_time_s,False,,,0,multi_seed
FLC,parameter_randomization_drills,spectral_error_power,False,0.0,0.0,3,multi_seed
FLC,parameter_randomization_drills,stability_flag,True,1.0,0.0,3,multi_seed
FLC,parameter_randomization_drills,time_above_temp_limit_s,False,0.0,0.0,3,multi_seed
FLC,parameter_randomization_drills,time_in_saturation_s,False,0.0,0.0,3,multi_seed
FLC,parameter_randomization_drills,time_out_of_band_s,False,0.02,0.0,3,multi_seed
FLC,parameter_randomization_drills,total_time_unsafe_s,False,0.02,0.0,3,multi_seed
FLC,parameter_randomization_drills,worst_tail_abs_err,False,1264.5896218485552,61.114166518734095,3,multi_seed
FLC,prbs_excitation_probe,abs_err_p50,False,256.0479837663101,0.0,3,multi_seed
FLC,prbs_excitation_probe,abs_err_p90,False,965.0207642440682,0.0,3,multi_seed
FLC,prbs_excitation_probe,abs_err_p95,False,1026.4395848308482,0.0,3,multi_seed
FLC,prbs_excitation_probe,arrhenius_exposure,False,5.2817569401055014e-14,0.0,3,multi_seed
FLC,prbs_excitation_probe,bandwidth_proxy_hz,True,,,0,multi_seed
FLC,prbs_excitation_probe,coherence_lowmid,True,,,0,multi_seed
FLC,prbs_excitation_probe,cvar_abs_err,False,1093.7367182580138,0.0,3,multi_seed
FLC,prbs_excitation_probe,effort_l1,False,0.3294813009940046,0.0,3,multi_seed
FLC,prbs_excitation_probe,effort_l2,False,0.266628187680225,0.0,3,multi_seed
FLC,prbs_excitation_probe,glfi,True,0.8564128090066171,0.0,3,multi_seed
FLC,prbs_excitation_probe,iae_abs_err,False,197.4818534031984,0.0,3,multi_seed
FLC,prbs_excitation_probe,itae_abs_err,False,67.34284313800993,0.0,3,multi_seed
FLC,prbs_excitation_probe,jerk_l2,False,3.9873860094278055,0.0,3,multi_seed
FLC,prbs_excitation_probe,log_decrement,False,-0.6012161786616222,0.0,3,multi_seed
FLC,prbs_excitation_probe,max_delta_temp_over_limit_C,False,0.0,0.0,3,multi_seed
FLC,prbs_excitation_probe,max_freq_deviation_hz,False,1.0036048889160156,0.0,3,multi_seed
FLC,prbs_excitation_probe,max_rocof_hz_s,False,6.865501403808607,0.0,3,multi_seed
FLC,prbs_excitation_probe,overshoot_pct,False,7.355399793105058,0.0,3,multi_seed
FLC,prbs_excitation_probe,reversal_count,False,0.0,0.0,3,multi_seed
FLC,prbs_excitation_probe,rmse_error,False,568.1366718237601,0.0,3,multi_seed
FLC,prbs_excitation_probe,safety_margin_min,True,-0.0036048889160155,0.0,3,multi_seed
FLC,prbs_excitation_probe,saturation_events,False,0.0,0.0,3,multi_seed
FLC,prbs_excitation_probe,settling_time_s,False,,,0,multi_seed
FLC,prbs_excitation_probe,spectral_error_power,False,0.0,0.0,3,multi_seed
FLC,prbs_excitation_probe,stability_flag,True,1.0,0.0,3,multi_seed
FLC,prbs_excitation_probe,time_above_temp_limit_s,False,0.0,0.0,3,multi_seed
FLC,prbs_excitation_probe,time_in_saturation_s,False,0.0,0.0,3,multi_seed
FLC,prbs_excitation_probe,time_out_of_band_s,False,0.02,0.0,3,multi_seed
FLC,prbs_excitation_probe,total_time_unsafe_s,False,0.02,0.0,3,multi_seed
FLC,prbs_excitation_probe,worst_tail_abs_err,False,1093.7367182580138,0.0,3,multi_seed
FLC,steady_state_efficiency_probe,abs_err_p50,False,321.1324150181945,0.0,3,multi_seed
FLC,steady_state_efficiency_probe,abs_err_p90,False,1103.6638607993702,0.0,3,multi_seed
FLC,steady_state_efficiency_probe,abs_err_p95,False,1206.1786341205566,0.0,3,multi_seed
FLC,steady_state_efficiency_probe,arrhenius_exposure,False,4.643285087011578e-14,0.0,3,multi_seed
FLC,steady_state_efficiency_probe,bandwidth_proxy_hz,True,,,0,multi_seed
FLC,steady_state_efficiency_probe,coherence_lowmid,True,,,0,multi_seed
FLC,steady_state_efficiency_probe,cvar_abs_err,False,1305.497610710838,0.0,3,multi_seed
FLC,steady_state_efficiency_probe,effort_l1,False,0.1868233002789005,0.0,3,multi_seed
FLC,steady_state_efficiency_probe,effort_l2,False,0.1292327032817001,0.0,3,multi_seed
FLC,steady_state_efficiency_probe,glfi,True,0.8475489292683385,0.0,3,multi_seed
FLC,steady_state_efficiency_probe,iae_abs_err,False,183.5205989467739,0.0,3,multi_seed
FLC,steady_state_efficiency_probe,itae_abs_err,False,57.354813490869226,0.0,3,multi_seed
FLC,steady_state_efficiency_probe,jerk_l2,False,3.5578245289440225,0.0,3,multi_seed
FLC,steady_state_efficiency_probe,log_decrement,False,,,0,multi_seed
FLC,steady_state_efficiency_probe,max_delta_temp_over_limit_C,False,0.0,0.0,3,multi_seed
FLC,steady_state_efficiency_probe,max_freq_deviation_hz,False,1.0438995361328125,0.0,3,multi_seed
FLC,steady_state_efficiency_probe,max_rocof_hz_s,False,7.744026184082024,0.0,3,multi_seed
FLC,steady_state_efficiency_probe,overshoot_pct,False,1.9876298034497992,0.0,3,multi_seed
FLC,steady_state_efficiency_probe,reversal_count,False,0.0,0.0,3,multi_seed
FLC,steady_state_efficiency_probe,rmse_error,False,626.8418259748704,0.0,3,multi_seed
FLC,steady_state_efficiency_probe,safety_margin_min,True,-0.0438995361328125,0.0,3,multi_seed
FLC,steady_state_efficiency_probe,saturation_events,False,0.0,0.0,3,multi_seed
FLC,steady_state_efficiency_probe,settling_time_s,False,,,0,multi_seed
FLC,steady_state_efficiency_probe,spectral_error_power,False,0.0,0.0,3,multi_seed
FLC,steady_state_efficiency_probe,stability_flag,True,1.0,0.0,3,multi_seed
FLC,steady_state_efficiency_probe,time_above_temp_limit_s,False,0.0,0.0,3,multi_seed
FLC,steady_state_efficiency_probe,time_in_saturation_s,False,0.0,0.0,3,multi_seed
FLC,steady_state_efficiency_probe,time_out_of_band_s,False,0.02,0.0,3,multi_seed
FLC,steady_state_efficiency_probe,total_time_unsafe_s,False,0.02,0.0,3,multi_seed
FLC,steady_state_efficiency_probe,worst_tail_abs_err,False,1305.497610710838,0.0,3,multi_seed
FLC,sudden_load_increase_5pct,abs_err_p50,False,321.1324150181945,0.0,3,multi_seed
FLC,sudden_load_increase_5pct,abs_err_p90,False,1103.6638607993702,0.0,3,multi_seed
FLC,sudden_load_increase_5pct,abs_err_p95,False,1206.1786341205566,0.0,3,multi_seed
FLC,sudden_load_increase_5pct,arrhenius_exposure,False,4.643285087011578e-14,0.0,3,multi_seed
FLC,sudden_load_increase_5pct,bandwidth_proxy_hz,True,,,0,multi_seed
FLC,sudden_load_increase_5pct,coherence_lowmid,True,,,0,multi_seed
FLC,sudden_load_increase_5pct,cvar_abs_err,False,1305.497610710838,0.0,3,multi_seed
FLC,sudden_load_increase_5pct,effort_l1,False,0.1868233002789005,0.0,3,multi_seed
FLC,sudden_load_increase_5pct,effort_l2,False,0.1292327032817001,0.0,3,multi_seed
FLC,sudden_load_increase_5pct,glfi,True,0.8475489292683385,0.0,3,multi_seed
FLC,sudden_load_increase_5pct,iae_abs_err,False,183.5205989467739,0.0,3,multi_seed
FLC,sudden_load_increase_5pct,itae_abs_err,False,57.354813490869226,0.0,3,multi_seed
FLC,sudden_load_increase_5pct,jerk_l2,False,3.5578245289440225,0.0,3,multi_seed
FLC,sudden_load_increase_5pct,log_decrement,False,,,0,multi_seed
FLC,sudden_load_increase_5pct,max_delta_temp_over_limit_C,False,0.0,0.0,3,multi_seed
FLC,sudden_load_increase_5pct,max_freq_deviation_hz,False,1.0438995361328125,0.0,3,multi_seed
FLC,sudden_load_increase_5pct,max_rocof_hz_s,False,7.744026184082024,0.0,3,multi_seed
FLC,sudden_load_increase_5pct,overshoot_pct,False,1.9876298034497992,0.0,3,multi_seed
FLC,sudden_load_increase_5pct,reversal_count,False,0.0,0.0,3,multi_seed
FLC,sudden_load_increase_5pct,rmse_error,False,626.8418259748704,0.0,3,multi_seed
FLC,sudden_load_increase_5pct,safety_margin_min,True,-0.0438995361328125,0.0,3,multi_seed
FLC,sudden_load_increase_5pct,saturation_events,False,0.0,0.0,3,multi_seed
FLC,sudden_load_increase_5pct,settling_time_s,False,,,0,multi_seed
FLC,sudden_load_increase_5pct,spectral_error_power,False,0.0,0.0,3,multi_seed
FLC,sudden_load_increase_5pct,stability_flag,True,1.0,0.0,3,multi_seed
FLC,sudden_load_increase_5pct,time_above_temp_limit_s,False,0.0,0.0,3,multi_seed
FLC,sudden_load_increase_5pct,time_in_saturation_s,False,0.0,0.0,3,multi_seed
FLC,sudden_load_increase_5pct,time_out_of_band_s,False,0.02,0.0,3,multi_seed
FLC,sudden_load_increase_5pct,total_time_unsafe_s,False,0.02,0.0,3,multi_seed
FLC,sudden_load_increase_5pct,worst_tail_abs_err,False,1305.497610710838,0.0,3,multi_seed
PID,actuator_saturation_challenge,abs_err_p50,False,383.5121289881136,0.0,3,multi_seed
PID,actuator_saturation_challenge,abs_err_p90,False,793.4979472067962,0.0,3,multi_seed
PID,actuator_saturation_challenge,abs_err_p95,False,847.3725344708306,0.0,3,multi_seed
PID,actuator_saturation_challenge,arrhenius_exposure,False,4.643285087011578e-14,0.0,3,multi_seed
PID,actuator_saturation_challenge,bandwidth_proxy_hz,True,,,0,multi_seed
PID,actuator_saturation_challenge,coherence_lowmid,True,,,0,multi_seed
PID,actuator_saturation_challenge,cvar_abs_err,False,900.6927443032364,0.0,3,multi_seed
PID,actuator_saturation_challenge,effort_l1,False,0.3799999999999992,0.0,3,multi_seed
PID,actuator_saturation_challenge,effort_l2,False,0.3799999999999992,0.0,3,multi_seed
PID,actuator_saturation_challenge,glfi,True,0.8615687001585711,0.0,3,multi_seed
PID,actuator_saturation_challenge,iae_abs_err,False,174.97301006057054,0.0,3,multi_seed
PID,actuator_saturation_challenge,itae_abs_err,False,47.779567598066194,0.0,3,multi_seed
PID,actuator_saturation_challenge,jerk_l2,False,50.0,0.0,3,multi_seed
PID,actuator_saturation_challenge,log_decrement,False,,,0,multi_seed
PID,actuator_saturation_challenge,max_delta_temp_over_limit_C,False,0.0,0.0,3,multi_seed
PID,actuator_saturation_challenge,max_freq_deviation_hz,False,1.036640167236328,0.0,3,multi_seed
PID,actuator_saturation_challenge,max_rocof_hz_s,False,5.311203002929683,0.0,3,multi_seed
PID,actuator_saturation_challenge,overshoot_pct,False,0.0,0.0,3,multi_seed
PID,actuator_saturation_challenge,reversal_count,False,0.0,0.0,3,multi_seed
PID,actuator_saturation_challenge,rmse_error,False,501.1335772000155,0.0,3,multi_seed
PID,actuator_saturation_challenge,safety_margin_min,True,-0.0366401672363281,0.0,3,multi_seed
PID,actuator_saturation_challenge,saturation_events,False,0.0,0.0,3,multi_seed
PID,actuator_saturation_challenge,settling_time_s,False,,,0,multi_seed
PID,actuator_saturation_challenge,spectral_error_power,False,0.0,0.0,3,multi_seed
PID,actuator_saturation_challenge,stability_flag,True,1.0,0.0,3,multi_seed
PID,actuator_saturation_challenge,time_above_temp_limit_s,False,0.0,0.0,3,multi_seed
PID,actuator_saturation_challenge,time_in_saturation_s,False,0.0,0.0,3,multi_seed
PID,actuator_saturation_challenge,time_out_of_band_s,False,0.02,0.0,3,multi_seed
PID,actuator_saturation_challenge,total_time_unsafe_s,False,0.02,0.0,3,multi_seed
PID,actuator_saturation_challenge,worst_tail_abs_err,False,900.6927443032364,0.0,3,multi_seed
PID,baseline_steady_state,abs_err_p50,False,383.1670940465294,0.0,3,multi_seed
PID,baseline_steady_state,abs_err_p90,False,807.1809497894257,0.0,3,multi_seed
PID,baseline_steady_state,abs_err_p95,False,861.9664444273097,0.0,3,multi_seed
PID,baseline_steady_state,arrhenius_exposure,False,5.0712840756290624e-14,0.0,3,multi_seed
PID,baseline_steady_state,bandwidth_proxy_hz,True,,,0,multi_seed
PID,baseline_steady_state,coherence_lowmid,True,,,0,multi_seed
PID,baseline_steady_state,cvar_abs_err,False,890.0503874186549,0.0,3,multi_seed
PID,baseline_steady_state,effort_l1,False,0.4039738939228608,0.0,3,multi_seed
PID,baseline_steady_state,effort_l2,False,0.400789591645507,0.0,3,multi_seed
PID,baseline_steady_state,glfi,True,0.8606899481249725,0.0,3,multi_seed
PID,baseline_steady_state,iae_abs_err,False,184.47158449187373,0.0,3,multi_seed
PID,baseline_steady_state,itae_abs_err,False,57.695373366900014,0.0,3,multi_seed
PID,baseline_steady_state,jerk_l2,False,34.07848861323087,0.0,3,multi_seed
PID,baseline_steady_state,log_decrement,False,,,0,multi_seed
PID,baseline_steady_state,max_delta_temp_over_limit_C,False,0.0,0.0,3,multi_seed
PID,baseline_steady_state,max_freq_deviation_hz,False,1.092876434326172,0.0,3,multi_seed
PID,baseline_steady_state,max_rocof_hz_s,False,5.394554138183589,0.0,3,multi_seed
PID,baseline_steady_state,overshoot_pct,False,0.0,0.0,3,multi_seed
PID,baseline_steady_state,reversal_count,False,0.0,0.0,3,multi_seed
PID,baseline_steady_state,rmse_error,False,501.3869124099106,0.0,3,multi_seed
PID,baseline_steady_state,safety_margin_min,True,-0.0928764343261718,0.0,3,multi_seed
PID,baseline_steady_state,saturation_events,False,0.0,0.0,3,multi_seed
PID,baseline_steady_state,settling_time_s,False,,,0,multi_seed
PID,baseline_steady_state,spectral_error_power,False,0.0,0.0,3,multi_seed
PID,baseline_steady_state,stability_flag,True,1.0,0.0,3,multi_seed
PID,baseline_steady_state,time_above_temp_limit_s,False,0.0,0.0,3,multi_seed
PID,baseline_steady_state,time_in_saturation_s,False,0.0,0.0,3,multi_seed
PID,baseline_steady_state,time_out_of_band_s,False,0.02,0.0,3,multi_seed
PID,baseline_steady_state,total_time_unsafe_s,False,0.02,0.0,3,multi_seed
PID,baseline_steady_state,worst_tail_abs_err,False,890.0503874186549,0.0,3,multi_seed
PID,cascading_grid_fault_and_recovery,abs_err_p50,False,383.1670940465294,0.0,3,multi_seed
PID,cascading_grid_fault_and_recovery,abs_err_p90,False,807.1809497894257,0.0,3,multi_seed
PID,cascading_grid_fault_and_recovery,abs_err_p95,False,861.9664444273097,0.0,3,multi_seed
PID,cascading_grid_fault_and_recovery,arrhenius_exposure,False,5.0712840756290624e-14,0.0,3,multi_seed
PID,cascading_grid_fault_and_recovery,bandwidth_proxy_hz,True,,,0,multi_seed
PID,cascading_grid_fault_and_recovery,coherence_lowmid,True,,,0,multi_seed
PID,cascading_grid_fault_and_recovery,cvar_abs_err,False,890.0503874186549,0.0,3,multi_seed
PID,cascading_grid_fault_and_recovery,effort_l1,False,0.4039738939228608,0.0,3,multi_seed
PID,cascading_grid_fault_and_recovery,effort_l2,False,0.400789591645507,0.0,3,multi_seed
PID,cascading_grid_fault_and_recovery,glfi,True,0.8606899481249725,0.0,3,multi_seed
PID,cascading_grid_fault_and_recovery,iae_abs_err,False,184.47158449187373,0.0,3,multi_seed
PID,cascading_grid_fault_and_recovery,itae_abs_err,False,57.695373366900014,0.0,3,multi_seed
PID,cascading_grid_fault_and_recovery,jerk_l2,False,34.07848861323087,0.0,3,multi_seed
PID,cascading_grid_fault_and_recovery,log_decrement,False,,,0,multi_seed
PID,cascading_grid_fault_and_recovery,max_delta_temp_over_limit_C,False,0.0,0.0,3,multi_seed
PID,cascading_grid_fault_and_recovery,max_freq_deviation_hz,False,1.092876434326172,0.0,3,multi_seed
PID,cascading_grid_fault_and_recovery,max_rocof_hz_s,False,5.394554138183589,0.0,3,multi_seed
PID,cascading_grid_fault_and_recovery,overshoot_pct,False,0.0,0.0,3,multi_seed
PID,cascading_grid_fault_and_recovery,reversal_count,False,0.0,0.0,3,multi_seed
PID,cascading_grid_fault_and_recovery,rmse_error,False,501.3869124099106,0.0,3,multi_seed
PID,cascading_grid_fault_and_recovery,safety_margin_min,True,-0.0928764343261718,0.0,3,multi_seed
PID,cascading_grid_fault_and_recovery,saturation_events,False,0.0,0.0,3,multi_seed
PID,cascading_grid_fault_and_recovery,settling_time_s,False,,,0,multi_seed
PID,cascading_grid_fault_and_recovery,spectral_error_power,False,0.0,0.0,3,multi_seed
PID,cascading_grid_fault_and_recovery,stability_flag,True,1.0,0.0,3,multi_seed
PID,cascading_grid_fault_and_recovery,time_above_temp_limit_s,False,0.0,0.0,3,multi_seed
PID,cascading_grid_fault_and_recovery,time_in_saturation_s,False,0.0,0.0,3,multi_seed
PID,cascading_grid_fault_and_recovery,time_out_of_band_s,False,0.02,0.0,3,multi_seed
PID,cascading_grid_fault_and_recovery,total_time_unsafe_s,False,0.02,0.0,3,multi_seed
PID,cascading_grid_fault_and_recovery,worst_tail_abs_err,False,890.0503874186549,0.0,3,multi_seed
PID,combined_challenge_final_exam,abs_err_p50,False,383.1670940465294,0.0,3,multi_seed
PID,combined_challenge_final_exam,abs_err_p90,False,807.1809497894257,0.0,3,multi_seed
PID,combined_challenge_final_exam,abs_err_p95,False,861.9664444273097,0.0,3,multi_seed
PID,combined_challenge_final_exam,arrhenius_exposure,False,5.0712840756290624e-14,0.0,3,multi_seed
PID,combined_challenge_final_exam,bandwidth_proxy_hz,True,,,0,multi_seed
PID,combined_challenge_final_exam,coherence_lowmid,True,,,0,multi_seed
PID,combined_challenge_final_exam,cvar_abs_err,False,890.0503874186549,0.0,3,multi_seed
PID,combined_challenge_final_exam,effort_l1,False,0.4039738939228608,0.0,3,multi_seed
PID,combined_challenge_final_exam,effort_l2,False,0.400789591645507,0.0,3,multi_seed
PID,combined_challenge_final_exam,glfi,True,0.8606899481249725,0.0,3,multi_seed
PID,combined_challenge_final_exam,iae_abs_err,False,184.47158449187373,0.0,3,multi_seed
PID,combined_challenge_final_exam,itae_abs_err,False,57.695373366900014,0.0,3,multi_seed
PID,combined_challenge_final_exam,jerk_l2,False,34.07848861323087,0.0,3,multi_seed
PID,combined_challenge_final_exam,log_decrement,False,,,0,multi_seed
PID,combined_challenge_final_exam,max_delta_temp_over_limit_C,False,0.0,0.0,3,multi_seed
PID,combined_challenge_final_exam,max_freq_deviation_hz,False,1.092876434326172,0.0,3,multi_seed
PID,combined_challenge_final_exam,max_rocof_hz_s,False,5.394554138183589,0.0,3,multi_seed
PID,combined_challenge_final_exam,overshoot_pct,False,0.0,0.0,3,multi_seed
PID,combined_challenge_final_exam,reversal_count,False,0.0,0.0,3,multi_seed
PID,combined_challenge_final_exam,rmse_error,False,501.3869124099106,0.0,3,multi_seed
PID,combined_challenge_final_exam,safety_margin_min,True,-0.0928764343261718,0.0,3,multi_seed
PID,combined_challenge_final_exam,saturation_events,False,0.0,0.0,3,multi_seed
PID,combined_challenge_final_exam,settling_time_s,False,,,0,multi_seed
PID,combined_challenge_final_exam,spectral_error_power,False,0.0,0.0,3,multi_seed
PID,combined_challenge_final_exam,stability_flag,True,1.0,0.0,3,multi_seed
PID,combined_challenge_final_exam,time_above_temp_limit_s,False,0.0,0.0,3,multi_seed
PID,combined_challenge_final_exam,time_in_saturation_s,False,0.0,0.0,3,multi_seed
PID,combined_challenge_final_exam,time_out_of_band_s,False,0.02,0.0,3,multi_seed
PID,combined_challenge_final_exam,total_time_unsafe_s,False,0.02,0.0,3,multi_seed
PID,combined_challenge_final_exam,worst_tail_abs_err,False,890.0503874186549,0.0,3,multi_seed
PID,deceptive_sensor_noise,abs_err_p50,False,543.0198212217242,0.0,3,multi_seed
PID,deceptive_sensor_noise,abs_err_p90,False,797.4541755827954,0.0,3,multi_seed
PID,deceptive_sensor_noise,abs_err_p95,False,829.5542595841522,0.0,3,multi_seed
PID,deceptive_sensor_noise,arrhenius_exposure,False,4.8584394697546126e-14,0.0,3,multi_seed
PID,deceptive_sensor_noise,bandwidth_proxy_hz,True,,,0,multi_seed
PID,deceptive_sensor_noise,coherence_lowmid,True,,,0,multi_seed
PID,deceptive_sensor_noise,cvar_abs_err,False,846.0633945317214,0.0,3,multi_seed
PID,deceptive_sensor_noise,effort_l1,False,0.2999999999999993,0.0,3,multi_seed
PID,deceptive_sensor_noise,effort_l2,False,0.2999999999999993,0.0,3,multi_seed
PID,deceptive_sensor_noise,glfi,True,0.8162902939761526,0.0,3,multi_seed
PID,deceptive_sensor_noise,iae_abs_err,False,208.99422399302728,0.0,3,multi_seed
PID,deceptive_sensor_noise,itae_abs_err,False,58.04242808725008,0.0,3,multi_seed
PID,deceptive_sensor_noise,jerk_l2,False,49.99999999999992,0.0,3,multi_seed
PID,deceptive_sensor_noise,log_decrement,False,,,0,multi_seed
PID,deceptive_sensor_noise,max_delta_temp_over_limit_C,False,0.0,0.0,3,multi_seed
PID,deceptive_sensor_noise,max_freq_deviation_hz,False,1.075408935546875,0.0,3,multi_seed
PID,deceptive_sensor_noise,max_rocof_hz_s,False,5.0779342651367285,0.0,3,multi_seed
PID,deceptive_sensor_noise,overshoot_pct,False,10.679290865406609,0.0,3,multi_seed
PID,deceptive_sensor_noise,reversal_count,False,0.0,0.0,3,multi_seed
PID,deceptive_sensor_noise,rmse_error,False,556.6153865418428,0.0,3,multi_seed
PID,deceptive_sensor_noise,safety_margin_min,True,-0.075408935546875,0.0,3,multi_seed
PID,deceptive_sensor_noise,saturation_events,False,0.0,0.0,3,multi_seed
PID,deceptive_sensor_noise,settling_time_s,False,,,0,multi_seed
PID,deceptive_sensor_noise,spectral_error_power,False,0.0,0.0,3,multi_seed
PID,deceptive_sensor_noise,stability_flag,True,1.0,0.0,3,multi_seed
PID,deceptive_sensor_noise,time_above_temp_limit_s,False,0.0,0.0,3,multi_seed
PID,deceptive_sensor_noise,time_in_saturation_s,False,0.0,0.0,3,multi_seed
PID,deceptive_sensor_noise,time_out_of_band_s,False,0.0199999999999999,0.0,3,multi_seed
PID,deceptive_sensor_noise,total_time_unsafe_s,False,0.0199999999999999,0.0,3,multi_seed
PID,deceptive_sensor_noise,worst_tail_abs_err,False,846.0633945317214,0.0,3,multi_seed
PID,gradual_load_increase_10pct,abs_err_p50,False,543.0198212217242,0.0,3,multi_seed
PID,gradual_load_increase_10pct,abs_err_p90,False,797.4541755827954,0.0,3,multi_seed
PID,gradual_load_increase_10pct,abs_err_p95,False,829.5542595841522,0.0,3,multi_seed
PID,gradual_load_increase_10pct,arrhenius_exposure,False,4.8584394697546126e-14,0.0,3,multi_seed
PID,gradual_load_increase_10pct,bandwidth_proxy_hz,True,,,0,multi_seed
PID,gradual_load_increase_10pct,coherence_lowmid,True,,,0,multi_seed
PID,gradual_load_increase_10pct,cvar_abs_err,False,846.0633945317214,0.0,3,multi_seed
PID,gradual_load_increase_10pct,effort_l1,False,0.2999999999999993,0.0,3,multi_seed
PID,gradual_load_increase_10pct,effort_l2,False,0.2999999999999993,0.0,3,multi_seed
PID,gradual_load_increase_10pct,glfi,True,0.8162902939761526,0.0,3,multi_seed
PID,gradual_load_increase_10pct,iae_abs_err,False,208.99422399302728,0.0,3,multi_seed
PID,gradual_load_increase_10pct,itae_abs_err,False,58.04242808725008,0.0,3,multi_seed
PID,gradual_load_increase_10pct,jerk_l2,False,49.99999999999992,0.0,3,multi_seed
PID,gradual_load_increase_10pct,log_decrement,False,,,0,multi_seed
PID,gradual_load_increase_10pct,max_delta_temp_over_limit_C,False,0.0,0.0,3,multi_seed
PID,gradual_load_increase_10pct,max_freq_deviation_hz,False,1.075408935546875,0.0,3,multi_seed
PID,gradual_load_increase_10pct,max_rocof_hz_s,False,5.0779342651367285,0.0,3,multi_seed
PID,gradual_load_increase_10pct,overshoot_pct,False,10.679290865406609,0.0,3,multi_seed
PID,gradual_load_increase_10pct,reversal_count,False,0.0,0.0,3,multi_seed
PID,gradual_load_increase_10pct,rmse_error,False,556.6153865418428,0.0,3,multi_seed
PID,gradual_load_increase_10pct,safety_margin_min,True,-0.075408935546875,0.0,3,multi_seed
PID,gradual_load_increase_10pct,saturation_events,False,0.0,0.0,3,multi_seed
PID,gradual_load_increase_10pct,settling_time_s,False,,,0,multi_seed
PID,gradual_load_increase_10pct,spectral_error_power,False,0.0,0.0,3,multi_seed
PID,gradual_load_increase_10pct,stability_flag,True,1.0,0.0,3,multi_seed
PID,gradual_load_increase_10pct,time_above_temp_limit_s,False,0.0,0.0,3,multi_seed
PID,gradual_load_increase_10pct,time_in_saturation_s,False,0.0,0.0,3,multi_seed
PID,gradual_load_increase_10pct,time_out_of_band_s,False,0.0199999999999999,0.0,3,multi_seed
PID,gradual_load_increase_10pct,total_time_unsafe_s,False,0.0199999999999999,0.0,3,multi_seed
PID,gradual_load_increase_10pct,worst_tail_abs_err,False,846.0633945317214,0.0,3,multi_seed
PID,multisine_frequency_probe,abs_err_p50,False,367.602104892801,0.0,3,multi_seed
PID,multisine_frequency_probe,abs_err_p90,False,774.5559826431231,0.0,3,multi_seed
PID,multisine_frequency_probe,abs_err_p95,False,827.4135899895873,0.0,3,multi_seed
PID,multisine_frequency_probe,arrhenius_exposure,False,4.8584394697546126e-14,0.0,3,multi_seed
PID,multisine_frequency_probe,bandwidth_proxy_hz,True,,,0,multi_seed
PID,multisine_frequency_probe,coherence_lowmid,True,,,0,multi_seed
PID,multisine_frequency_probe,cvar_abs_err,False,853.9397716470985,0.0,3,multi_seed
PID,multisine_frequency_probe,effort_l1,False,0.3842503387174945,0.0,3,multi_seed
PID,multisine_frequency_probe,effort_l2,False,0.3809032689606712,0.0,3,multi_seed
PID,multisine_frequency_probe,glfi,True,0.8664628746187412,0.0,3,multi_seed
PID,multisine_frequency_probe,iae_abs_err,False,169.2883477384613,0.0,3,multi_seed
PID,multisine_frequency_probe,itae_abs_err,False,50.57510164847975,0.0,3,multi_seed
PID,multisine_frequency_probe,jerk_l2,False,33.26465121588274,0.0,3,multi_seed
PID,multisine_frequency_probe,log_decrement,False,,,0,multi_seed
PID,multisine_frequency_probe,max_delta_temp_over_limit_C,False,0.0,0.0,3,multi_seed
PID,multisine_frequency_probe,max_freq_deviation_hz,False,1.0035247802734375,0.0,3,multi_seed
PID,multisine_frequency_probe,max_rocof_hz_s,False,5.192947387695322,0.0,3,multi_seed
PID,multisine_frequency_probe,overshoot_pct,False,0.0,0.0,3,multi_seed
PID,multisine_frequency_probe,reversal_count,False,0.0,0.0,3,multi_seed
PID,multisine_frequency_probe,rmse_error,False,481.6104667039693,0.0,3,multi_seed
PID,multisine_frequency_probe,safety_margin_min,True,-0.0035247802734375,0.0,3,multi_seed
PID,multisine_frequency_probe,saturation_events,False,0.0,0.0,3,multi_seed
PID,multisine_frequency_probe,settling_time_s,False,,,0,multi_seed
PID,multisine_frequency_probe,spectral_error_power,False,0.0,0.0,3,multi_seed
PID,multisine_frequency_probe,stability_flag,True,1.0,0.0,3,multi_seed
PID,multisine_frequency_probe,time_above_temp_limit_s,False,0.0,0.0,3,multi_seed
PID,multisine_frequency_probe,time_in_saturation_s,False,0.0,0.0,3,multi_seed
PID,multisine_frequency_probe,time_out_of_band_s,False,0.0199999999999999,0.0,3,multi_seed
PID,multisine_frequency_probe,total_time_unsafe_s,False,0.0199999999999999,0.0,3,multi_seed
PID,multisine_frequency_probe,worst_tail_abs_err,False,853.9397716470985,0.0,3,multi_seed
PID,parameter_randomization_drills,abs_err_p50,False,359.47731458754373,25.170239478704083,3,multi_seed
PID,parameter_randomization_drills,abs_err_p90,False,759.3242381973756,48.97054526649495,3,multi_seed
PID,parameter_randomization_drills,abs_err_p95,False,811.5594152002908,51.36049124172416,3,multi_seed
PID,parameter_randomization_drills,arrhenius_exposure,False,4.857669544131751e-14,2.140005330682518e-15,3,multi_seed
PID,parameter_randomization_drills,bandwidth_proxy_hz,True,,,0,multi_seed
PID,parameter_randomization_drills,coherence_lowmid,True,,,0,multi_seed
PID,parameter_randomization_drills,cvar_abs_err,False,846.1369936427042,41.28495327922102,3,multi_seed
PID,parameter_randomization_drills,effort_l1,False,0.3841825437324715,0.0195297529287487,3,multi_seed
PID,parameter_randomization_drills,effort_l2,False,0.3808717402965598,0.0197888139356982,3,multi_seed
PID,parameter_randomization_drills,glfi,True,0.8688945135111105,0.0086431264295545,3,multi_seed
PID,parameter_randomization_drills,iae_abs_err,False,166.06283005087312,18.8224949972003,3,multi_seed
PID,parameter_randomization_drills,itae_abs_err,False,49.812288831255536,7.884238761706947,3,multi_seed
PID,parameter_randomization_drills,jerk_l2,False,33.45188268312382,1.3084960090230473,3,multi_seed
PID,parameter_randomization_drills,log_decrement,False,,,0,multi_seed
PID,parameter_randomization_drills,max_delta_temp_over_limit_C,False,0.0,0.0,3,multi_seed
PID,parameter_randomization_drills,max_freq_deviation_hz,False,1.0289929707845051,0.0125870960106624,3,multi_seed
PID,parameter_randomization_drills,max_rocof_hz_s,False,5.341402689615886,0.2624793324037427,3,multi_seed
PID,parameter_randomization_drills,overshoot_pct,False,0.0,0.0,3,multi_seed
PID,parameter_randomization_drills,reversal_count,False,0.0,0.0,3,multi_seed
PID,parameter_randomization_drills,rmse_error,False,471.79772974583926,30.670718508639773,3,multi_seed
PID,parameter_randomization_drills,safety_margin_min,True,-0.0289929707845051,0.0125870960106624,3,multi_seed
PID,parameter_randomization_drills,saturation_events,False,0.0,0.0,3,multi_seed
PID,parameter_randomization_drills,settling_time_s,False,,,0,multi_seed
PID,parameter_randomization_drills,spectral_error_power,False,0.0,0.0,3,multi_seed
PID,parameter_randomization_drills,stability_flag,True,1.0,0.0,3,multi_seed
PID,parameter_randomization_drills,time_above_temp_limit_s,False,0.0,0.0,3,multi_seed
PID,parameter_randomization_drills,time_in_saturation_s,False,0.0,0.0,3,multi_seed
PID,parameter_randomization_drills,time_out_of_band_s,False,0.0199999999999999,5.75865489762303e-17,3,multi_seed
PID,parameter_randomization_drills,total_time_unsafe_s,False,0.0199999999999999,5.75865489762303e-17,3,multi_seed
PID,parameter_randomization_drills,worst_tail_abs_err,False,846.1369936427042,41.28495327922102,3,multi_seed
PID,prbs_excitation_probe,abs_err_p50,False,350.0773096525645,0.0,3,multi_seed
PID,prbs_excitation_probe,abs_err_p90,False,897.9823799681467,0.0,3,multi_seed
PID,prbs_excitation_probe,abs_err_p95,False,951.061217495572,0.0,3,multi_seed
PID,prbs_excitation_probe,arrhenius_exposure,False,5.0712840756290624e-14,0.0,3,multi_seed
PID,prbs_excitation_probe,bandwidth_proxy_hz,True,,,0,multi_seed
PID,prbs_excitation_probe,coherence_lowmid,True,,,0,multi_seed
PID,prbs_excitation_probe,cvar_abs_err,False,1003.6711422811184,0.0,3,multi_seed
PID,prbs_excitation_probe,effort_l1,False,0.3927012984683233,0.0,3,multi_seed
PID,prbs_excitation_probe,effort_l2,False,0.3816193180513761,0.0,3,multi_seed
PID,prbs_excitation_probe,glfi,True,0.8536266842946908,0.0,3,multi_seed
PID,prbs_excitation_probe,iae_abs_err,False,192.94388895005727,0.0,3,multi_seed
PID,prbs_excitation_probe,itae_abs_err,False,60.99564096451758,0.0,3,multi_seed
PID,prbs_excitation_probe,jerk_l2,False,125.00219074537796,0.0,3,multi_seed
PID,prbs_excitation_probe,log_decrement,False,-0.4112074040097828,0.0,3,multi_seed
PID,prbs_excitation_probe,max_delta_temp_over_limit_C,False,0.0,0.0,3,multi_seed
PID,prbs_excitation_probe,max_freq_deviation_hz,False,1.0921516418457031,0.0,3,multi_seed
PID,prbs_excitation_probe,max_rocof_hz_s,False,6.235122680664074,0.0,3,multi_seed
PID,prbs_excitation_probe,overshoot_pct,False,4.927545143313605,0.0,3,multi_seed
PID,prbs_excitation_probe,reversal_count,False,0.0,0.0,3,multi_seed
PID,prbs_excitation_probe,rmse_error,False,552.2867152359753,0.0,3,multi_seed
PID,prbs_excitation_probe,safety_margin_min,True,-0.092151641845703,0.0,3,multi_seed
PID,prbs_excitation_probe,saturation_events,False,0.0,0.0,3,multi_seed
PID,prbs_excitation_probe,settling_time_s,False,,,0,multi_seed
PID,prbs_excitation_probe,spectral_error_power,False,0.0,0.0,3,multi_seed
PID,prbs_excitation_probe,stability_flag,True,1.0,0.0,3,multi_seed
PID,prbs_excitation_probe,time_above_temp_limit_s,False,0.0,0.0,3,multi_seed
PID,prbs_excitation_probe,time_in_saturation_s,False,0.0,0.0,3,multi_seed
PID,prbs_excitation_probe,time_out_of_band_s,False,0.02,0.0,3,multi_seed
PID,prbs_excitation_probe,total_time_unsafe_s,False,0.02,0.0,3,multi_seed
PID,prbs_excitation_probe,worst_tail_abs_err,False,1003.6711422811184,0.0,3,multi_seed
PID,steady_state_efficiency_probe,abs_err_p50,False,383.1670940465294,0.0,3,multi_seed
PID,steady_state_efficiency_probe,abs_err_p90,False,807.1809497894257,0.0,3,multi_seed
PID,steady_state_efficiency_probe,abs_err_p95,False,861.9664444273097,0.0,3,multi_seed
PID,steady_state_efficiency_probe,arrhenius_exposure,False,5.0712840756290624e-14,0.0,3,multi_seed
PID,steady_state_efficiency_probe,bandwidth_proxy_hz,True,,,0,multi_seed
PID,steady_state_efficiency_probe,coherence_lowmid,True,,,0,multi_seed
PID,steady_state_efficiency_probe,cvar_abs_err,False,890.0503874186549,0.0,3,multi_seed
PID,steady_state_efficiency_probe,effort_l1,False,0.4039738939228608,0.0,3,multi_seed
PID,steady_state_efficiency_probe,effort_l2,False,0.400789591645507,0.0,3,multi_seed
PID,steady_state_efficiency_probe,glfi,True,0.8606899481249725,0.0,3,multi_seed
PID,steady_state_efficiency_probe,iae_abs_err,False,184.47158449187373,0.0,3,multi_seed
PID,steady_state_efficiency_probe,itae_abs_err,False,57.695373366900014,0.0,3,multi_seed
PID,steady_state_efficiency_probe,jerk_l2,False,34.07848861323087,0.0,3,multi_seed
PID,steady_state_efficiency_probe,log_decrement,False,,,0,multi_seed
PID,steady_state_efficiency_probe,max_delta_temp_over_limit_C,False,0.0,0.0,3,multi_seed
PID,steady_state_efficiency_probe,max_freq_deviation_hz,False,1.092876434326172,0.0,3,multi_seed
PID,steady_state_efficiency_probe,max_rocof_hz_s,False,5.394554138183589,0.0,3,multi_seed
PID,steady_state_efficiency_probe,overshoot_pct,False,0.0,0.0,3,multi_seed
PID,steady_state_efficiency_probe,reversal_count,False,0.0,0.0,3,multi_seed
PID,steady_state_efficiency_probe,rmse_error,False,501.3869124099106,0.0,3,multi_seed
PID,steady_state_efficiency_probe,safety_margin_min,True,-0.0928764343261718,0.0,3,multi_seed
PID,steady_state_efficiency_probe,saturation_events,False,0.0,0.0,3,multi_seed
PID,steady_state_efficiency_probe,settling_time_s,False,,,0,multi_seed
PID,steady_state_efficiency_probe,spectral_error_power,False,0.0,0.0,3,multi_seed
PID,steady_state_efficiency_probe,stability_flag,True,1.0,0.0,3,multi_seed
PID,steady_state_efficiency_probe,time_above_temp_limit_s,False,0.0,0.0,3,multi_seed
PID,steady_state_efficiency_probe,time_in_saturation_s,False,0.0,0.0,3,multi_seed
PID,steady_state_efficiency_probe,time_out_of_band_s,False,0.02,0.0,3,multi_seed
PID,steady_state_efficiency_probe,total_time_unsafe_s,False,0.02,0.0,3,multi_seed
PID,steady_state_efficiency_probe,worst_tail_abs_err,False,890.0503874186549,0.0,3,multi_seed
PID,sudden_load_increase_5pct,abs_err_p50,False,383.1670940465294,0.0,3,multi_seed
PID,sudden_load_increase_5pct,abs_err_p90,False,807.1809497894257,0.0,3,multi_seed
PID,sudden_load_increase_5pct,abs_err_p95,False,861.9664444273097,0.0,3,multi_seed
PID,sudden_load_increase_5pct,arrhenius_exposure,False,5.0712840756290624e-14,0.0,3,multi_seed
PID,sudden_load_increase_5pct,bandwidth_proxy_hz,True,,,0,multi_seed
PID,sudden_load_increase_5pct,coherence_lowmid,True,,,0,multi_seed
PID,sudden_load_increase_5pct,cvar_abs_err,False,890.0503874186549,0.0,3,multi_seed
PID,sudden_load_increase_5pct,effort_l1,False,0.4039738939228608,0.0,3,multi_seed
PID,sudden_load_increase_5pct,effort_l2,False,0.400789591645507,0.0,3,multi_seed
PID,sudden_load_increase_5pct,glfi,True,0.8606899481249725,0.0,3,multi_seed
PID,sudden_load_increase_5pct,iae_abs_err,False,184.47158449187373,0.0,3,multi_seed
PID,sudden_load_increase_5pct,itae_abs_err,False,57.695373366900014,0.0,3,multi_seed
PID,sudden_load_increase_5pct,jerk_l2,False,34.07848861323087,0.0,3,multi_seed
PID,sudden_load_increase_5pct,log_decrement,False,,,0,multi_seed
PID,sudden_load_increase_5pct,max_delta_temp_over_limit_C,False,0.0,0.0,3,multi_seed
PID,sudden_load_increase_5pct,max_freq_deviation_hz,False,1.092876434326172,0.0,3,multi_seed
PID,sudden_load_increase_5pct,max_rocof_hz_s,False,5.394554138183589,0.0,3,multi_seed
PID,sudden_load_increase_5pct,overshoot_pct,False,0.0,0.0,3,multi_seed
PID,sudden_load_increase_5pct,reversal_count,False,0.0,0.0,3,multi_seed
PID,sudden_load_increase_5pct,rmse_error,False,501.3869124099106,0.0,3,multi_seed
PID,sudden_load_increase_5pct,safety_margin_min,True,-0.0928764343261718,0.0,3,multi_seed
PID,sudden_load_increase_5pct,saturation_events,False,0.0,0.0,3,multi_seed
PID,sudden_load_increase_5pct,settling_time_s,False,,,0,multi_seed
PID,sudden_load_increase_5pct,spectral_error_power,False,0.0,0.0,3,multi_seed
PID,sudden_load_increase_5pct,stability_flag,True,1.0,0.0,3,multi_seed
PID,sudden_load_increase_5pct,time_above_temp_limit_s,False,0.0,0.0,3,multi_seed
PID,sudden_load_increase_5pct,time_in_saturation_s,False,0.0,0.0,3,multi_seed
PID,sudden_load_increase_5pct,time_out_of_band_s,False,0.02,0.0,3,multi_seed
PID,sudden_load_increase_5pct,total_time_unsafe_s,False,0.02,0.0,3,multi_seed
PID,sudden_load_increase_5pct,worst_tail_abs_err,False,890.0503874186549,0.0,3,multi_seed
RL,actuator_saturation_challenge,abs_err_p50,False,398.39044315383535,0.0,3,multi_seed
RL,actuator_saturation_challenge,abs_err_p90,False,797.1560341664353,0.0,3,multi_seed
RL,actuator_saturation_challenge,abs_err_p95,False,868.457313806528,0.0,3,multi_seed
RL,actuator_saturation_challenge,arrhenius_exposure,False,4.4258331067129794e-14,0.0,3,multi_seed
RL,actuator_saturation_challenge,bandwidth_proxy_hz,True,,,0,multi_seed
RL,actuator_saturation_challenge,coherence_lowmid,True,,,0,multi_seed
RL,actuator_saturation_challenge,cvar_abs_err,False,941.5094078569418,0.0,3,multi_seed
RL,actuator_saturation_challenge,effort_l1,False,0.3162414681911461,0.0,3,multi_seed
RL,actuator_saturation_challenge,effort_l2,False,0.2929609008943597,0.0,3,multi_seed
RL,actuator_saturation_challenge,glfi,True,0.8587471400327663,0.0,3,multi_seed
RL,actuator_saturation_challenge,iae_abs_err,False,169.61240854214483,0.0,3,multi_seed
RL,actuator_saturation_challenge,itae_abs_err,False,44.12962712893599,0.0,3,multi_seed
RL,actuator_saturation_challenge,jerk_l2,False,79.00256028031916,0.0,3,multi_seed
RL,actuator_saturation_challenge,log_decrement,False,,,0,multi_seed
RL,actuator_saturation_challenge,max_delta_temp_over_limit_C,False,0.0,0.0,3,multi_seed
RL,actuator_saturation_challenge,max_freq_deviation_hz,False,1.0055885314941406,0.0,3,multi_seed
RL,actuator_saturation_challenge,max_rocof_hz_s,False,5.559539794921871,0.0,3,multi_seed
RL,actuator_saturation_challenge,overshoot_pct,False,0.0,0.0,3,multi_seed
RL,actuator_saturation_challenge,reversal_count,False,0.0,0.0,3,multi_seed
RL,actuator_saturation_challenge,rmse_error,False,511.5928211431913,0.0,3,multi_seed
RL,actuator_saturation_challenge,safety_margin_min,True,-0.0055885314941406,0.0,3,multi_seed
RL,actuator_saturation_challenge,saturation_events,False,0.0,0.0,3,multi_seed
RL,actuator_saturation_challenge,settling_time_s,False,,,0,multi_seed
RL,actuator_saturation_challenge,spectral_error_power,False,0.0,0.0,3,multi_seed
RL,actuator_saturation_challenge,stability_flag,True,1.0,0.0,3,multi_seed
RL,actuator_saturation_challenge,time_above_temp_limit_s,False,0.0,0.0,3,multi_seed
RL,actuator_saturation_challenge,time_in_saturation_s,False,0.0,0.0,3,multi_seed
RL,actuator_saturation_challenge,time_out_of_band_s,False,0.02,0.0,3,multi_seed
RL,actuator_saturation_challenge,total_time_unsafe_s,False,0.02,0.0,3,multi_seed
RL,actuator_saturation_challenge,worst_tail_abs_err,False,941.5094078569418,0.0,3,multi_seed
RL,baseline_steady_state,abs_err_p50,False,400.6723487663966,0.0,3,multi_seed
RL,baseline_steady_state,abs_err_p90,False,780.9607975945672,0.0,3,multi_seed
RL,baseline_steady_state,abs_err_p95,False,850.4969657716382,0.0,3,multi_seed
RL,baseline_steady_state,arrhenius_exposure,False,4.643285087011578e-14,0.0,3,multi_seed
RL,baseline_steady_state,bandwidth_proxy_hz,True,,,0,multi_seed
RL,baseline_steady_state,coherence_lowmid,True,,,0,multi_seed
RL,baseline_steady_state,cvar_abs_err,False,928.5326970593578,0.0,3,multi_seed
RL,baseline_steady_state,effort_l1,False,0.3084189510345452,0.0,3,multi_seed
RL,baseline_steady_state,effort_l2,False,0.2813456485420252,0.0,3,multi_seed
RL,baseline_steady_state,glfi,True,0.8597501482763269,0.0,3,multi_seed
RL,baseline_steady_state,iae_abs_err,False,168.8327715049572,0.0,3,multi_seed
RL,baseline_steady_state,itae_abs_err,False,47.85748123111239,0.0,3,multi_seed
RL,baseline_steady_state,jerk_l2,False,48.02756902826106,0.0,3,multi_seed
RL,baseline_steady_state,log_decrement,False,,,0,multi_seed
RL,baseline_steady_state,max_delta_temp_over_limit_C,False,0.0,0.0,3,multi_seed
RL,baseline_steady_state,max_freq_deviation_hz,False,1.0012893676757812,0.0,3,multi_seed
RL,baseline_steady_state,max_rocof_hz_s,False,5.481910705566402,0.0,3,multi_seed
RL,baseline_steady_state,overshoot_pct,False,0.0,0.0,3,multi_seed
RL,baseline_steady_state,reversal_count,False,0.0,0.0,3,multi_seed
RL,baseline_steady_state,rmse_error,False,500.9015493636769,0.0,3,multi_seed
RL,baseline_steady_state,safety_margin_min,True,-0.0012893676757812,0.0,3,multi_seed
RL,baseline_steady_state,saturation_events,False,0.0,0.0,3,multi_seed
RL,baseline_steady_state,settling_time_s,False,,,0,multi_seed
RL,baseline_steady_state,spectral_error_power,False,0.0,0.0,3,multi_seed
RL,baseline_steady_state,stability_flag,True,1.0,0.0,3,multi_seed
RL,baseline_steady_state,time_above_temp_limit_s,False,0.0,0.0,3,multi_seed
RL,baseline_steady_state,time_in_saturation_s,False,0.0,0.0,3,multi_seed
RL,baseline_steady_state,time_out_of_band_s,False,0.02,0.0,3,multi_seed
RL,baseline_steady_state,total_time_unsafe_s,False,0.02,0.0,3,multi_seed
RL,baseline_steady_state,worst_tail_abs_err,False,928.5326970593578,0.0,3,multi_seed
RL,cascading_grid_fault_and_recovery,abs_err_p50,False,400.6723487663966,0.0,3,multi_seed
RL,cascading_grid_fault_and_recovery,abs_err_p90,False,780.9607975945672,0.0,3,multi_seed
RL,cascading_grid_fault_and_recovery,abs_err_p95,False,850.4969657716382,0.0,3,multi_seed
RL,cascading_grid_fault_and_recovery,arrhenius_exposure,False,4.643285087011578e-14,0.0,3,multi_seed
RL,cascading_grid_fault_and_recovery,bandwidth_proxy_hz,True,,,0,multi_seed
RL,cascading_grid_fault_and_recovery,coherence_lowmid,True,,,0,multi_seed
RL,cascading_grid_fault_and_recovery,cvar_abs_err,False,928.5326970593578,0.0,3,multi_seed
RL,cascading_grid_fault_and_recovery,effort_l1,False,0.3084189510345452,0.0,3,multi_seed
RL,cascading_grid_fault_and_recovery,effort_l2,False,0.2813456485420252,0.0,3,multi_seed
RL,cascading_grid_fault_and_recovery,glfi,True,0.8597501482763269,0.0,3,multi_seed
RL,cascading_grid_fault_and_recovery,iae_abs_err,False,168.8327715049572,0.0,3,multi_seed
RL,cascading_grid_fault_and_recovery,itae_abs_err,False,47.85748123111239,0.0,3,multi_seed
RL,cascading_grid_fault_and_recovery,jerk_l2,False,48.02756902826106,0.0,3,multi_seed
RL,cascading_grid_fault_and_recovery,log_decrement,False,,,0,multi_seed
RL,cascading_grid_fault_and_recovery,max_delta_temp_over_limit_C,False,0.0,0.0,3,multi_seed
RL,cascading_grid_fault_and_recovery,max_freq_deviation_hz,False,1.0012893676757812,0.0,3,multi_seed
RL,cascading_grid_fault_and_recovery,max_rocof_hz_s,False,5.481910705566402,0.0,3,multi_seed
RL,cascading_grid_fault_and_recovery,overshoot_pct,False,0.0,0.0,3,multi_seed
RL,cascading_grid_fault_and_recovery,reversal_count,False,0.0,0.0,3,multi_seed
RL,cascading_grid_fault_and_recovery,rmse_error,False,500.9015493636769,0.0,3,multi_seed
RL,cascading_grid_fault_and_recovery,safety_margin_min,True,-0.0012893676757812,0.0,3,multi_seed
RL,cascading_grid_fault_and_recovery,saturation_events,False,0.0,0.0,3,multi_seed
RL,cascading_grid_fault_and_recovery,settling_time_s,False,,,0,multi_seed
RL,cascading_grid_fault_and_recovery,spectral_error_power,False,0.0,0.0,3,multi_seed
RL,cascading_grid_fault_and_recovery,stability_flag,True,1.0,0.0,3,multi_seed
RL,cascading_grid_fault_and_recovery,time_above_temp_limit_s,False,0.0,0.0,3,multi_seed
RL,cascading_grid_fault_and_recovery,time_in_saturation_s,False,0.0,0.0,3,multi_seed
RL,cascading_grid_fault_and_recovery,time_out_of_band_s,False,0.02,0.0,3,multi_seed
RL,cascading_grid_fault_and_recovery,total_time_unsafe_s,False,0.02,0.0,3,multi_seed
RL,cascading_grid_fault_and_recovery,worst_tail_abs_err,False,928.5326970593578,0.0,3,multi_seed
RL,combined_challenge_final_exam,abs_err_p50,False,400.6723487663966,0.0,3,multi_seed
RL,combined_challenge_final_exam,abs_err_p90,False,780.9607975945672,0.0,3,multi_seed
RL,combined_challenge_final_exam,abs_err_p95,False,850.4969657716382,0.0,3,multi_seed
RL,combined_challenge_final_exam,arrhenius_exposure,False,4.643285087011578e-14,0.0,3,multi_seed
RL,combined_challenge_final_exam,bandwidth_proxy_hz,True,,,0,multi_seed
RL,combined_challenge_final_exam,coherence_lowmid,True,,,0,multi_seed
RL,combined_challenge_final_exam,cvar_abs_err,False,928.5326970593578,0.0,3,multi_seed
RL,combined_challenge_final_exam,effort_l1,False,0.3084189510345452,0.0,3,multi_seed
RL,combined_challenge_final_exam,effort_l2,False,0.2813456485420252,0.0,3,multi_seed
RL,combined_challenge_final_exam,glfi,True,0.8597501482763269,0.0,3,multi_seed
RL,combined_challenge_final_exam,iae_abs_err,False,168.8327715049572,0.0,3,multi_seed
RL,combined_challenge_final_exam,itae_abs_err,False,47.85748123111239,0.0,3,multi_seed
RL,combined_challenge_final_exam,jerk_l2,False,48.02756902826106,0.0,3,multi_seed
RL,combined_challenge_final_exam,log_decrement,False,,,0,multi_seed
RL,combined_challenge_final_exam,max_delta_temp_over_limit_C,False,0.0,0.0,3,multi_seed
RL,combined_challenge_final_exam,max_freq_deviation_hz,False,1.0012893676757812,0.0,3,multi_seed
RL,combined_challenge_final_exam,max_rocof_hz_s,False,5.481910705566402,0.0,3,multi_seed
RL,combined_challenge_final_exam,overshoot_pct,False,0.0,0.0,3,multi_seed
RL,combined_challenge_final_exam,reversal_count,False,0.0,0.0,3,multi_seed
RL,combined_challenge_final_exam,rmse_error,False,500.9015493636769,0.0,3,multi_seed
RL,combined_challenge_final_exam,safety_margin_min,True,-0.0012893676757812,0.0,3,multi_seed
RL,combined_challenge_final_exam,saturation_events,False,0.0,0.0,3,multi_seed
RL,combined_challenge_final_exam,settling_time_s,False,,,0,multi_seed
RL,combined_challenge_final_exam,spectral_error_power,False,0.0,0.0,3,multi_seed
RL,combined_challenge_final_exam,stability_flag,True,1.0,0.0,3,multi_seed
RL,combined_challenge_final_exam,time_above_temp_limit_s,False,0.0,0.0,3,multi_seed
RL,combined_challenge_final_exam,time_in_saturation_s,False,0.0,0.0,3,multi_seed
RL,combined_challenge_final_exam,time_out_of_band_s,False,0.02,0.0,3,multi_seed
RL,combined_challenge_final_exam,total_time_unsafe_s,False,0.02,0.0,3,multi_seed
RL,combined_challenge_final_exam,worst_tail_abs_err,False,928.5326970593578,0.0,3,multi_seed
RL,deceptive_sensor_noise,abs_err_p50,False,397.288043577963,0.0,3,multi_seed
RL,deceptive_sensor_noise,abs_err_p90,False,830.7885851499474,0.0,3,multi_seed
RL,deceptive_sensor_noise,abs_err_p95,False,888.1346401939045,0.0,3,multi_seed
RL,deceptive_sensor_noise,arrhenius_exposure,False,5.695583785184087e-14,0.0,3,multi_seed
RL,deceptive_sensor_noise,bandwidth_proxy_hz,True,,,0,multi_seed
RL,deceptive_sensor_noise,coherence_lowmid,True,,,0,multi_seed
RL,deceptive_sensor_noise,cvar_abs_err,False,926.7316116496894,0.0,3,multi_seed
RL,deceptive_sensor_noise,effort_l1,False,0.3842746055126182,0.0,3,multi_seed
RL,deceptive_sensor_noise,effort_l2,False,0.3334653809808595,0.0,3,multi_seed
RL,deceptive_sensor_noise,glfi,True,0.8387229294088367,0.0,3,multi_seed
RL,deceptive_sensor_noise,iae_abs_err,False,218.42156862837672,0.0,3,multi_seed
RL,deceptive_sensor_noise,itae_abs_err,False,75.76193118301413,0.0,3,multi_seed
RL,deceptive_sensor_noise,jerk_l2,False,29.194830815386428,0.0,3,multi_seed
RL,deceptive_sensor_noise,log_decrement,False,,,0,multi_seed
RL,deceptive_sensor_noise,max_delta_temp_over_limit_C,False,0.0,0.0,3,multi_seed
RL,deceptive_sensor_noise,max_freq_deviation_hz,False,1.097248077392578,0.0,3,multi_seed
RL,deceptive_sensor_noise,max_rocof_hz_s,False,5.636215209960933,0.0,3,multi_seed
RL,deceptive_sensor_noise,overshoot_pct,False,10.907942265578114,0.0,3,multi_seed
RL,deceptive_sensor_noise,reversal_count,False,0.0,0.0,3,multi_seed
RL,deceptive_sensor_noise,rmse_error,False,519.5125333075903,0.0,3,multi_seed
RL,deceptive_sensor_noise,safety_margin_min,True,-0.097248077392578,0.0,3,multi_seed
RL,deceptive_sensor_noise,saturation_events,False,0.0,0.0,3,multi_seed
RL,deceptive_sensor_noise,settling_time_s,False,,,0,multi_seed
RL,deceptive_sensor_noise,spectral_error_power,False,0.0,0.0,3,multi_seed
RL,deceptive_sensor_noise,stability_flag,True,1.0,0.0,3,multi_seed
RL,deceptive_sensor_noise,time_above_temp_limit_s,False,0.0,0.0,3,multi_seed
RL,deceptive_sensor_noise,time_in_saturation_s,False,0.0,0.0,3,multi_seed
RL,deceptive_sensor_noise,time_out_of_band_s,False,0.02,0.0,3,multi_seed
RL,deceptive_sensor_noise,total_time_unsafe_s,False,0.02,0.0,3,multi_seed
RL,deceptive_sensor_noise,worst_tail_abs_err,False,926.7316116496894,0.0,3,multi_seed
RL,gradual_load_increase_10pct,abs_err_p50,False,397.288043577963,0.0,3,multi_seed
RL,gradual_load_increase_10pct,abs_err_p90,False,830.7885851499474,0.0,3,multi_seed
RL,gradual_load_increase_10pct,abs_err_p95,False,888.1346401939045,0.0,3,multi_seed
RL,gradual_load_increase_10pct,arrhenius_exposure,False,5.695583785184087e-14,0.0,3,multi_seed
RL,gradual_load_increase_10pct,bandwidth_proxy_hz,True,,,0,multi_seed
RL,gradual_load_increase_10pct,coherence_lowmid,True,,,0,multi_seed
RL,gradual_load_increase_10pct,cvar_abs_err,False,926.7316116496894,0.0,3,multi_seed
RL,gradual_load_increase_10pct,effort_l1,False,0.3842746055126182,0.0,3,multi_seed
RL,gradual_load_increase_10pct,effort_l2,False,0.3334653809808595,0.0,3,multi_seed
RL,gradual_load_increase_10pct,glfi,True,0.8387229294088367,0.0,3,multi_seed
RL,gradual_load_increase_10pct,iae_abs_err,False,218.42156862837672,0.0,3,multi_seed
RL,gradual_load_increase_10pct,itae_abs_err,False,75.76193118301413,0.0,3,multi_seed
RL,gradual_load_increase_10pct,jerk_l2,False,29.194830815386428,0.0,3,multi_seed
RL,gradual_load_increase_10pct,log_decrement,False,,,0,multi_seed
RL,gradual_load_increase_10pct,max_delta_temp_over_limit_C,False,0.0,0.0,3,multi_seed
RL,gradual_load_increase_10pct,max_freq_deviation_hz,False,1.097248077392578,0.0,3,multi_seed
RL,gradual_load_increase_10pct,max_rocof_hz_s,False,5.636215209960933,0.0,3,multi_seed
RL,gradual_load_increase_10pct,overshoot_pct,False,10.907942265578114,0.0,3,multi_seed
RL,gradual_load_increase_10pct,reversal_count,False,0.0,0.0,3,multi_seed
RL,gradual_load_increase_10pct,rmse_error,False,519.5125333075903,0.0,3,multi_seed
RL,gradual_load_increase_10pct,safety_margin_min,True,-0.097248077392578,0.0,3,multi_seed
RL,gradual_load_increase_10pct,saturation_events,False,0.0,0.0,3,multi_seed
RL,gradual_load_increase_10pct,settling_time_s,False,,,0,multi_seed
RL,gradual_load_increase_10pct,spectral_error_power,False,0.0,0.0,3,multi_seed
RL,gradual_load_increase_10pct,stability_flag,True,1.0,0.0,3,multi_seed
RL,gradual_load_increase_10pct,time_above_temp_limit_s,False,0.0,0.0,3,multi_seed
RL,gradual_load_increase_10pct,time_in_saturation_s,False,0.0,0.0,3,multi_seed
RL,gradual_load_increase_10pct,time_out_of_band_s,False,0.02,0.0,3,multi_seed
RL,gradual_load_increase_10pct,total_time_unsafe_s,False,0.02,0.0,3,multi_seed
RL,gradual_load_increase_10pct,worst_tail_abs_err,False,926.7316116496894,0.0,3,multi_seed
RL,multisine_frequency_probe,abs_err_p50,False,406.7535982728309,0.0,3,multi_seed
RL,multisine_frequency_probe,abs_err_p90,False,791.0235345667397,0.0,3,multi_seed
RL,multisine_frequency_probe,abs_err_p95,False,856.0716335553362,0.0,3,multi_seed
RL,multisine_frequency_probe,arrhenius_exposure,False,4.643285087011578e-14,0.0,3,multi_seed
RL,multisine_frequency_probe,bandwidth_proxy_hz,True,,,0,multi_seed
RL,multisine_frequency_probe,coherence_lowmid,True,,,0,multi_seed
RL,multisine_frequency_probe,cvar_abs_err,False,926.2537323809752,0.0,3,multi_seed
RL,multisine_frequency_probe,effort_l1,False,0.3201530051231376,0.0,3,multi_seed
RL,multisine_frequency_probe,effort_l2,False,0.2892629961658757,0.0,3,multi_seed
RL,multisine_frequency_probe,glfi,True,0.8583836007399532,0.0,3,multi_seed
RL,multisine_frequency_probe,iae_abs_err,False,170.95890595702102,0.0,3,multi_seed
RL,multisine_frequency_probe,itae_abs_err,False,48.399159416920014,0.0,3,multi_seed
RL,multisine_frequency_probe,jerk_l2,False,38.7669885025804,0.0,3,multi_seed
RL,multisine_frequency_probe,log_decrement,False,,,0,multi_seed
RL,multisine_frequency_probe,max_delta_temp_over_limit_C,False,0.0,0.0,3,multi_seed
RL,multisine_frequency_probe,max_freq_deviation_hz,False,1.0138626098632812,0.0,3,multi_seed
RL,multisine_frequency_probe,max_rocof_hz_s,False,5.467033386230464,0.0,3,multi_seed
RL,multisine_frequency_probe,overshoot_pct,False,0.0,0.0,3,multi_seed
RL,multisine_frequency_probe,reversal_count,False,0.0,0.0,3,multi_seed
RL,multisine_frequency_probe,rmse_error,False,506.3928946168949,0.0,3,multi_seed
RL,multisine_frequency_probe,safety_margin_min,True,-0.0138626098632812,0.0,3,multi_seed
RL,multisine_frequency_probe,saturation_events,False,0.0,0.0,3,multi_seed
RL,multisine_frequency_probe,settling_time_s,False,,,0,multi_seed
RL,multisine_frequency_probe,spectral_error_power,False,0.0,0.0,3,multi_seed
RL,multisine_frequency_probe,stability_flag,True,1.0,0.0,3,multi_seed
RL,multisine_frequency_probe,time_above_temp_limit_s,False,0.0,0.0,3,multi_seed
RL,multisine_frequency_probe,time_in_saturation_s,False,0.0,0.0,3,multi_seed
RL,multisine_frequency_probe,time_out_of_band_s,False,0.02,0.0,3,multi_seed
RL,multisine_frequency_probe,total_time_unsafe_s,False,0.02,0.0,3,multi_seed
RL,multisine_frequency_probe,worst_tail_abs_err,False,926.2537323809752,0.0,3,multi_seed
RL,parameter_randomization_drills,abs_err_p50,False,400.6705459613411,22.604743560065955,3,multi_seed
RL,parameter_randomization_drills,abs_err_p90,False,780.3696486570485,50.2604483794589,3,multi_seed
RL,parameter_randomization_drills,abs_err_p95,False,839.0921589327069,54.22601970353826,3,multi_seed
RL,parameter_randomization_drills,arrhenius_exposure,False,4.642519221159723e-14,2.163041984079474e-15,3,multi_seed
RL,parameter_randomization_drills,bandwidth_proxy_hz,True,,,0,multi_seed
RL,parameter_randomization_drills,coherence_lowmid,True,,,0,multi_seed
RL,parameter_randomization_drills,cvar_abs_err,False,894.6865290088573,49.315456335477776,3,multi_seed
RL,parameter_randomization_drills,effort_l1,False,0.3236007225513451,0.0199255452512624,3,multi_seed
RL,parameter_randomization_drills,effort_l2,False,0.2933459102575677,0.0169722094962096,3,multi_seed
RL,parameter_randomization_drills,glfi,True,0.8602675355976505,0.008292997298129,3,multi_seed
RL,parameter_randomization_drills,iae_abs_err,False,168.54231847952133,18.368894110819884,3,multi_seed
RL,parameter_randomization_drills,itae_abs_err,False,47.87113606018346,7.537299855695532,3,multi_seed
RL,parameter_randomization_drills,jerk_l2,False,32.1592196375323,15.767461206532994,3,multi_seed
RL,parameter_randomization_drills,log_decrement,False,,,0,multi_seed
RL,parameter_randomization_drills,max_delta_temp_over_limit_C,False,0.0,0.0,3,multi_seed
RL,parameter_randomization_drills,max_freq_deviation_hz,False,1.04293950398763,0.0442413067883942,3,multi_seed
RL,parameter_randomization_drills,max_rocof_hz_s,False,5.585225423177083,0.1448495773563433,3,multi_seed
RL,parameter_randomization_drills,overshoot_pct,False,0.0,0.0,3,multi_seed
RL,parameter_randomization_drills,reversal_count,False,0.0,0.0,3,multi_seed
RL,parameter_randomization_drills,rmse_error,False,498.0563768942923,30.11255755707601,3,multi_seed
RL,parameter_randomization_drills,safety_margin_min,True,-0.0429395039876301,0.0442413067883942,3,multi_seed
RL,parameter_randomization_drills,saturation_events,False,0.0,0.0,3,multi_seed
RL,parameter_randomization_drills,settling_time_s,False,,,0,multi_seed
RL,parameter_randomization_drills,spectral_error_power,False,0.0,0.0,3,multi_seed
RL,parameter_randomization_drills,stability_flag,True,1.0,0.0,3,multi_seed
RL,parameter_randomization_drills,time_above_temp_limit_s,False,0.0,0.0,3,multi_seed
RL,parameter_randomization_drills,time_in_saturation_s,False,0.0,0.0,3,multi_seed
RL,parameter_randomization_drills,time_out_of_band_s,False,0.0199999999999999,5.78472408881601e-17,3,multi_seed
RL,parameter_randomization_drills,total_time_unsafe_s,False,0.0199999999999999,5.78472408881601e-17,3,multi_seed
RL,parameter_randomization_drills,worst_tail_abs_err,False,894.6865290088573,49.315456335477776,3,multi_seed
RL,prbs_excitation_probe,abs_err_p50,False,340.48695761498857,0.0,3,multi_seed
RL,prbs_excitation_probe,abs_err_p90,False,991.6585057810928,0.0,3,multi_seed
RL,prbs_excitation_probe,abs_err_p95,False,1033.5879595048964,0.0,3,multi_seed
RL,prbs_excitation_probe,arrhenius_exposure,False,4.4258331067129794e-14,0.0,3,multi_seed
RL,prbs_excitation_probe,bandwidth_proxy_hz,True,,,0,multi_seed
RL,prbs_excitation_probe,coherence_lowmid,True,,,0,multi_seed
RL,prbs_excitation_probe,cvar_abs_err,False,1077.8636568682878,0.0,3,multi_seed
RL,prbs_excitation_probe,effort_l1,False,0.29783187508583,0.0,3,multi_seed
RL,prbs_excitation_probe,effort_l2,False,0.2765470139384269,0.0,3,multi_seed
RL,prbs_excitation_probe,glfi,True,0.845413277714241,0.0,3,multi_seed
RL,prbs_excitation_probe,iae_abs_err,False,176.32184731921996,0.0,3,multi_seed
RL,prbs_excitation_probe,itae_abs_err,False,48.50779152180655,0.0,3,multi_seed
RL,prbs_excitation_probe,jerk_l2,False,178.1716621693712,0.0,3,multi_seed
RL,prbs_excitation_probe,log_decrement,False,-0.6490101647316862,0.0,3,multi_seed
RL,prbs_excitation_probe,max_delta_temp_over_limit_C,False,0.0,0.0,3,multi_seed
RL,prbs_excitation_probe,max_freq_deviation_hz,False,1.0062141418457031,0.0,3,multi_seed
RL,prbs_excitation_probe,max_rocof_hz_s,False,6.379318237304683,0.0,3,multi_seed
RL,prbs_excitation_probe,overshoot_pct,False,0.0,0.0,3,multi_seed
RL,prbs_excitation_probe,reversal_count,False,0.0,0.0,3,multi_seed
RL,prbs_excitation_probe,rmse_error,False,580.203064508459,0.0,3,multi_seed
RL,prbs_excitation_probe,safety_margin_min,True,-0.0062141418457031,0.0,3,multi_seed
RL,prbs_excitation_probe,saturation_events,False,0.0,0.0,3,multi_seed
RL,prbs_excitation_probe,settling_time_s,False,,,0,multi_seed
RL,prbs_excitation_probe,spectral_error_power,False,0.0,0.0,3,multi_seed
RL,prbs_excitation_probe,stability_flag,True,1.0,0.0,3,multi_seed
RL,prbs_excitation_probe,time_above_temp_limit_s,False,0.0,0.0,3,multi_seed
RL,prbs_excitation_probe,time_in_saturation_s,False,0.0,0.0,3,multi_seed
RL,prbs_excitation_probe,time_out_of_band_s,False,0.02,0.0,3,multi_seed
RL,prbs_excitation_probe,total_time_unsafe_s,False,0.02,0.0,3,multi_seed
RL,prbs_excitation_probe,worst_tail_abs_err,False,1077.8636568682878,0.0,3,multi_seed
RL,steady_state_efficiency_probe,abs_err_p50,False,400.6723487663966,0.0,3,multi_seed
RL,steady_state_efficiency_probe,abs_err_p90,False,780.9607975945672,0.0,3,multi_seed
RL,steady_state_efficiency_probe,abs_err_p95,False,850.4969657716382,0.0,3,multi_seed
RL,steady_state_efficiency_probe,arrhenius_exposure,False,4.643285087011578e-14,0.0,3,multi_seed
RL,steady_state_efficiency_probe,bandwidth_proxy_hz,True,,,0,multi_seed
RL,steady_state_efficiency_probe,coherence_lowmid,True,,,0,multi_seed
RL,steady_state_efficiency_probe,cvar_abs_err,False,928.5326970593578,0.0,3,multi_seed
RL,steady_state_efficiency_probe,effort_l1,False,0.3084189510345452,0.0,3,multi_seed
RL,steady_state_efficiency_probe,effort_l2,False,0.2813456485420252,0.0,3,multi_seed
RL,steady_state_efficiency_probe,glfi,True,0.8597501482763269,0.0,3,multi_seed
RL,steady_state_efficiency_probe,iae_abs_err,False,168.8327715049572,0.0,3,multi_seed
RL,steady_state_efficiency_probe,itae_abs_err,False,47.85748123111239,0.0,3,multi_seed
RL,steady_state_efficiency_probe,jerk_l2,False,48.02756902826106,0.0,3,multi_seed
RL,steady_state_efficiency_probe,log_decrement,False,,,0,multi_seed
RL,steady_state_efficiency_probe,max_delta_temp_over_limit_C,False,0.0,0.0,3,multi_seed
RL,steady_state_efficiency_probe,max_freq_deviation_hz,False,1.0012893676757812,0.0,3,multi_seed
RL,steady_state_efficiency_probe,max_rocof_hz_s,False,5.481910705566402,0.0,3,multi_seed
RL,steady_state_efficiency_probe,overshoot_pct,False,0.0,0.0,3,multi_seed
RL,steady_state_efficiency_probe,reversal_count,False,0.0,0.0,3,multi_seed
RL,steady_state_efficiency_probe,rmse_error,False,500.9015493636769,0.0,3,multi_seed
RL,steady_state_efficiency_probe,safety_margin_min,True,-0.0012893676757812,0.0,3,multi_seed
RL,steady_state_efficiency_probe,saturation_events,False,0.0,0.0,3,multi_seed
RL,steady_state_efficiency_probe,settling_time_s,False,,,0,multi_seed
RL,steady_state_efficiency_probe,spectral_error_power,False,0.0,0.0,3,multi_seed
RL,steady_state_efficiency_probe,stability_flag,True,1.0,0.0,3,multi_seed
RL,steady_state_efficiency_probe,time_above_temp_limit_s,False,0.0,0.0,3,multi_seed
RL,steady_state_efficiency_probe,time_in_saturation_s,False,0.0,0.0,3,multi_seed
RL,steady_state_efficiency_probe,time_out_of_band_s,False,0.02,0.0,3,multi_seed
RL,steady_state_efficiency_probe,total_time_unsafe_s,False,0.02,0.0,3,multi_seed
RL,steady_state_efficiency_probe,worst_tail_abs_err,False,928.5326970593578,0.0,3,multi_seed
RL,sudden_load_increase_5pct,abs_err_p50,False,400.6723487663966,0.0,3,multi_seed
RL,sudden_load_increase_5pct,abs_err_p90,False,780.9607975945672,0.0,3,multi_seed
RL,sudden_load_increase_5pct,abs_err_p95,False,850.4969657716382,0.0,3,multi_seed
RL,sudden_load_increase_5pct,arrhenius_exposure,False,4.643285087011578e-14,0.0,3,multi_seed
RL,sudden_load_increase_5pct,bandwidth_proxy_hz,True,,,0,multi_seed
RL,sudden_load_increase_5pct,coherence_lowmid,True,,,0,multi_seed
RL,sudden_load_increase_5pct,cvar_abs_err,False,928.5326970593578,0.0,3,multi_seed
RL,sudden_load_increase_5pct,effort_l1,False,0.3084189510345452,0.0,3,multi_seed
RL,sudden_load_increase_5pct,effort_l2,False,0.2813456485420252,0.0,3,multi_seed
RL,sudden_load_increase_5pct,glfi,True,0.8597501482763269,0.0,3,multi_seed
RL,sudden_load_increase_5pct,iae_abs_err,False,168.8327715049572,0.0,3,multi_seed
RL,sudden_load_increase_5pct,itae_abs_err,False,47.85748123111239,0.0,3,multi_seed
RL,sudden_load_increase_5pct,jerk_l2,False,48.02756902826106,0.0,3,multi_seed
RL,sudden_load_increase_5pct,log_decrement,False,,,0,multi_seed
RL,sudden_load_increase_5pct,max_delta_temp_over_limit_C,False,0.0,0.0,3,multi_seed
RL,sudden_load_increase_5pct,max_freq_deviation_hz,False,1.0012893676757812,0.0,3,multi_seed
RL,sudden_load_increase_5pct,max_rocof_hz_s,False,5.481910705566402,0.0,3,multi_seed
RL,sudden_load_increase_5pct,overshoot_pct,False,0.0,0.0,3,multi_seed
RL,sudden_load_increase_5pct,reversal_count,False,0.0,0.0,3,multi_seed
RL,sudden_load_increase_5pct,rmse_error,False,500.9015493636769,0.0,3,multi_seed
RL,sudden_load_increase_5pct,safety_margin_min,True,-0.0012893676757812,0.0,3,multi_seed
RL,sudden_load_increase_5pct,saturation_events,False,0.0,0.0,3,multi_seed
RL,sudden_load_increase_5pct,settling_time_s,False,,,0,multi_seed
RL,sudden_load_increase_5pct,spectral_error_power,False,0.0,0.0,3,multi_seed
RL,sudden_load_increase_5pct,stability_flag,True,1.0,0.0,3,multi_seed
RL,sudden_load_increase_5pct,time_above_temp_limit_s,False,0.0,0.0,3,multi_seed
RL,sudden_load_increase_5pct,time_in_saturation_s,False,0.0,0.0,3,multi_seed
RL,sudden_load_increase_5pct,time_out_of_band_s,False,0.02,0.0,3,multi_seed
RL,sudden_load_increase_5pct,total_time_unsafe_s,False,0.02,0.0,3,multi_seed
RL,sudden_load_increase_5pct,worst_tail_abs_err,False,928.5326970593578,0.0,3,multi_seed
